,NMF_four_pred
0,0
1,0
2,0
3,0
4,0
5,0
6,0
7,0
8,0
9,0
10,3
11,3
12,0
13,0
14,0
15,0
16,3
17,3
18,2
19,3
20,0
21,0
22,0
23,0
24,0
25,0
26,0
27,0
28,0
29,0
30,0
31,3
32,0
33,0
34,0
35,0
36,0
37,0
38,2
39,0
40,0
41,0
42,2
43,0
44,0
45,2
46,0
47,0
48,0
49,2
50,0
51,0
52,3
53,0
54,0
55,2
56,0
57,0
58,3
59,3
60,0
61,0
62,0
63,0
64,0
65,0
66,0
67,0
68,0
69,0
70,0
71,2
72,0
73,3
74,0
75,0
76,0
77,3
78,0
79,0
80,0
81,0
82,3
83,0
84,0
85,0
86,3
87,0
88,0
89,0
90,0
91,0
92,0
93,0
94,0
95,0
96,0
97,0
98,0
99,0
100,0
101,0
102,3
103,0
104,0
105,0
106,0
107,3
108,0
109,0
110,0
111,0
112,0
113,0
114,0
115,2
116,3
117,0
118,0
119,0
120,0
121,0
122,0
123,0
124,0
125,0
126,0
127,0
128,0
129,0
130,0
131,0
132,3
133,3
134,0
135,0
136,0
137,0
138,0
139,0
140,0
141,0
142,0
143,0
144,0
145,0
146,2
147,0
148,0
149,0
150,0
151,0
152,0
153,0
154,0
155,0
156,0
157,0
158,0
159,0
160,0
161,0
162,0
163,0
164,0
165,0
166,0
167,0
168,0
169,0
170,2
171,2
172,2
173,0
174,0
175,2
176,0
177,0
178,0
179,0
180,0
181,0
182,0
183,0
184,0
185,0
186,3
187,0
188,3
189,0
190,0
191,0
192,0
193,0
194,0
195,0
196,2
197,0
198,0
199,0
200,0
201,0
202,3
203,3
204,2
205,0
206,2
207,0
208,3
209,3
210,0
211,0
212,0
213,0
214,0
215,0
216,0
217,0
218,0
219,3
220,3
221,0
222,2
223,0
224,0
225,0
226,0
227,0
228,0
229,0
230,0
231,0
232,0
233,0
234,3
235,3
236,0
237,3
238,3
239,0
240,0
241,3
242,0
243,0
244,0
245,0
246,0
247,0
248,0
249,0
250,0
251,0
252,0
253,0
254,0
255,0
256,0
257,0
258,0
259,0
260,0
261,0
262,0
263,0
264,0
265,0
266,0
267,0
268,0
269,0
270,0
271,3
272,0
273,0
274,0
275,0
276,0
277,0
278,3
279,3
280,2
281,0
282,0
283,0
284,0
285,0
286,0
287,3
288,0
289,0
290,0
291,0
292,0
293,0
294,0
295,0
296,3
297,0
298,0
299,0
300,0
301,0
302,0
303,0
304,0
305,0
306,0
307,0
308,0
309,0
310,0
311,0
312,0
313,3
314,2
315,0
316,0
317,0
318,0
319,0
320,0
321,0
322,0
323,0
324,0
325,0
326,2
327,3
328,0
329,0
330,0
331,0
332,0
333,0
334,3
335,0
336,3
337,0
338,0
339,0
340,0
341,0
342,0
343,0
344,0
345,0
346,0
347,0
348,0
349,0
350,3
351,0
352,0
353,0
354,0
355,0
356,0
357,0
358,0
359,0
360,0
361,0
362,0
363,0
364,2
365,0
366,0
367,0
368,0
369,0
370,0
371,2
372,0
373,0
374,3
375,3
376,0
377,3
378,2
379,0
380,0
381,0
382,0
383,0
384,3
385,0
386,0
387,0
388,0
389,3
390,0
391,0
392,3
393,0
394,0
395,3
396,0
397,2
398,0
399,2
400,0
401,0
402,0
403,0
404,0
405,0
406,0
407,0
408,0
409,0
410,0
411,3
412,0
413,0
414,0
415,0
416,0
417,0
418,0
419,0
420,0
421,0
422,3
423,0
424,0
425,0
426,0
427,0
428,0
429,0
430,3
431,0
432,0
433,0
434,0
435,0
436,0
437,0
438,0
439,3
440,0
441,0
442,0
443,0
444,0
445,0
446,0
447,3
448,0
449,0
450,0
451,0
452,0
453,0
454,0
455,0
456,0
457,0
458,2
459,0
460,0
461,0
462,0
463,0
464,0
465,3
466,0
467,0
468,0
469,0
470,0
471,0
472,0
473,0
474,0
475,0
476,0
477,0
478,0
479,0
480,0
481,2
482,1
483,0
484,0
485,0
486,0
487,0
488,0
489,0
490,0
491,0
492,3
493,0
494,0
495,0
496,0
497,0
498,0
499,0
500,0
501,0
502,0
503,0
504,3
505,0
506,0
507,0
508,0
509,0
510,3
511,0
512,0
513,0
514,0
515,0
516,0
517,3
518,0
519,0
520,0
521,0
522,0
523,1
524,0
525,0
526,0
527,0
528,0
529,0
530,0
531,0
532,0
533,0
534,0
535,0
536,3
537,0
538,0
539,0
540,0
541,0
542,0
543,0
544,0
545,0
546,0
547,0
548,0
549,0
550,0
551,3
552,0
553,0
554,0
555,0
556,0
557,0
558,0
559,0
560,0
561,0
562,0
563,0
564,0
565,0
566,0
567,0
568,0
569,0
570,0
571,0
572,0
573,0
574,0
575,0
576,0
577,0
578,0
579,0
580,0
581,0
582,0
583,0
584,0
585,0
586,0
587,0
588,0
589,0
590,0
591,0
592,2
593,0
594,0
595,3
596,0
597,0
598,0
599,0
600,0
601,0
602,0
603,0
604,3
605,0
606,0
607,0
608,2
609,0
610,0
611,0
612,0
613,0
614,3
615,0
616,3
617,0
618,0
619,0
620,2
621,0
622,0
623,0
624,0
625,0
626,0
627,0
628,0
629,0
630,0
631,0
632,0
633,3
634,0
635,0
636,0
637,0
638,0
639,0
640,0
641,0
642,0
643,2
644,0
645,0
646,0
647,3
648,0
649,0
650,3
651,0
652,2
653,2
654,0
655,0
656,2
657,0
658,0
659,0
660,0
661,0
662,0
663,0
664,0
665,0
666,0
667,0
668,3
669,0
670,0
671,0
672,0
673,0
674,0
675,0
676,0
677,0
678,0
679,0
680,0
681,2
682,3
683,0
684,0
685,0
686,0
687,3
688,0
689,0
690,3
691,3
692,0
693,0
694,0
695,0
696,0
697,0
698,3
699,0
700,0
701,0
702,0
703,0
704,0
705,0
706,0
707,0
708,0
709,0
710,0
711,3
712,0
713,0
714,0
715,0
716,0
717,0
718,0
719,3
720,3
721,0
722,0
723,0
724,0
725,2
726,0
727,0
728,0
729,3
730,0
731,0
732,0
733,0
734,0
735,0
736,0
737,0
738,0
739,0
740,0
741,0
742,0
743,0
744,0
745,0
746,0
747,0
748,0
749,0
750,0
751,0
752,0
753,0
754,2
755,0
756,0
757,0
758,0
759,0
760,0
761,0
762,0
763,0
764,0
765,0
766,0
767,0
768,0
769,0
770,0
771,0
772,0
773,0
774,0
775,0
776,0
777,0
778,0
779,0
780,0
781,0
782,3
783,0
784,0
785,0
786,0
787,0
788,0
789,0
790,0
791,0
792,3
793,0
794,0
795,0
796,3
797,0
798,0
799,0
800,2
801,0
802,0
803,0
804,0
805,0
806,0
807,3
808,3
809,0
810,0
811,0
812,0
813,0
814,0
815,0
816,2
817,0
818,0
819,3
820,0
821,0
822,0
823,2
824,0
825,0
826,2
827,0
828,0
829,0
830,3
831,3
832,3
833,0
834,0
835,0
836,0
837,2
838,0
839,0
840,0
841,0
842,0
843,0
844,0
845,0
846,0
847,0
848,0
849,0
850,0
851,0
852,0
853,0
854,0
855,0
856,0
857,0
858,3
859,0
860,0
861,0
862,0
863,2
864,0
865,0
866,0
867,2
868,0
869,0
870,3
871,0
872,0
873,0
874,0
875,0
876,0
877,0
878,0
879,0
880,2
881,0
882,0
883,0
884,0
885,0
886,0
887,0
888,3
889,0
890,0
891,0
892,3
893,0
894,2
895,0
896,0
897,0
898,0
899,0
900,0
901,0
902,0
903,0
904,0
905,0
906,0
907,0
908,0
909,0
910,0
911,0
912,0
913,0
914,0
915,0
916,0
917,0
918,0
919,3
920,0
921,0
922,0
923,2
924,0
925,0
926,0
927,0
928,0
929,0
930,0
931,0
932,0
933,0
934,0
935,0
936,0
937,0
938,0
939,0
940,0
941,0
942,0
943,0
944,2
945,0
946,0
947,0
948,0
949,2
950,0
951,0
952,0
953,0
954,2
955,0
956,0
957,0
958,3
959,0
960,0
961,3
962,0
963,0
964,0
965,0
966,0
967,0
968,0
969,0
970,0
971,0
972,0
973,0
974,0
975,0
976,0
977,2
978,0
979,3
980,3
981,0
982,3
983,3
984,2
985,2
986,0
987,0
988,0
989,0
990,3
991,0
992,0
993,0
994,0
995,3
996,0
997,0
998,0
999,0
1000,0
1001,0
1002,0
1003,0
1004,0
1005,0
1006,0
1007,0
1008,0
1009,0
1010,0
1011,0
1012,0
1013,0
1014,0
1015,0
1016,0
1017,0
1018,0
1019,0
1020,0
1021,0
1022,0
1023,0
1024,0
1025,2
1026,0
1027,0
1028,3
1029,0
1030,0
1031,2
1032,0
1033,0
1034,0
1035,0
1036,0
1037,0
1038,0
1039,2
1040,0
1041,0
1042,0
1043,0
1044,0
1045,0
1046,0
1047,0
1048,0
1049,0
1050,0
1051,0
1052,0
1053,0
1054,0
1055,0
1056,2
1057,0
1058,0
1059,3
1060,0
1061,0
1062,0
1063,0
1064,0
1065,0
1066,0
1067,2
1068,0
1069,0
1070,0
1071,0
1072,0
1073,0
1074,0
1075,0
1076,0
1077,0
1078,0
1079,0
1080,3
1081,0
1082,3
1083,0
1084,0
1085,0
1086,0
1087,0
1088,0
1089,0
1090,0
1091,0
1092,2
1093,3
1094,0
1095,0
1096,3
1097,0
1098,0
1099,0
1100,0
1101,0
1102,0
1103,0
1104,3
1105,0
1106,3
1107,0
1108,0
1109,0
1110,0
1111,0
1112,0
1113,0
1114,0
1115,2
1116,0
1117,0
1118,0
1119,0
1120,0
1121,3
1122,0
1123,0
1124,3
1125,0
1126,0
1127,0
1128,0
1129,0
1130,0
1131,0
1132,0
1133,0
1134,0
1135,2
1136,0
1137,0
1138,0
1139,0
1140,3
1141,0
1142,3
1143,0
1144,0
1145,3
1146,0
1147,0
1148,0
1149,3
1150,0
1151,0
1152,3
1153,0
1154,0
1155,0
1156,0
1157,3
1158,0
1159,0
1160,0
1161,0
1162,0
1163,0
1164,0
1165,0
1166,0
1167,0
1168,0
1169,0
1170,0
1171,0
1172,0
1173,0
1174,0
1175,0
1176,0
1177,2
1178,0
1179,0
1180,0
1181,0
1182,0
1183,0
1184,0
1185,0
1186,0
1187,0
1188,3
1189,0
1190,0
1191,2
1192,0
1193,0
1194,0
1195,3
1196,0
1197,0
1198,0
1199,0
1200,0
1201,0
1202,0
1203,0
1204,3
1205,0
1206,0
1207,0
1208,0
1209,0
1210,0
1211,0
1212,0
1213,0
1214,0
1215,0
1216,0
1217,0
1218,0
1219,0
1220,0
1221,0
1222,0
1223,0
1224,0
1225,0
1226,3
1227,0
1228,0
1229,0
1230,0
1231,0
1232,0
1233,0
1234,0
1235,2
1236,0
1237,0
1238,0
1239,0
1240,0
1241,0
1242,0
1243,0
1244,3
1245,0
1246,0
1247,0
1248,0
1249,3
1250,0
1251,3
1252,3
1253,0
1254,3
1255,0
1256,0
1257,0
1258,0
1259,0
1260,0
1261,0
1262,0
1263,0
1264,0
1265,0
1266,0
1267,0
1268,0
1269,0
1270,0
1271,0
1272,0
1273,0
1274,0
1275,0
1276,0
1277,0
1278,0
1279,0
1280,0
1281,0
1282,0
1283,3
1284,0
1285,3
1286,2
1287,0
1288,0
1289,2
1290,0
1291,0
1292,3
1293,0
1294,2
1295,0
1296,0
1297,3
1298,0
1299,3
1300,0
1301,0
1302,0
1303,0
1304,0
1305,0
1306,3
1307,0
1308,0
1309,0
1310,0
1311,0
1312,0
1313,0
1314,0
1315,0
1316,0
1317,3
1318,3
1319,0
1320,0
1321,0
1322,0
1323,0
1324,0
1325,0
1326,0
1327,0
1328,0
1329,0
1330,0
1331,0
1332,0
1333,0
1334,3
1335,2
1336,0
1337,0
1338,0
1339,0
1340,3
1341,0
1342,3
1343,0
1344,0
1345,0
1346,0
1347,0
1348,0
1349,3
1350,0
1351,0
1352,0
1353,2
1354,0
1355,2
1356,0
1357,3
1358,0
1359,0
1360,3
1361,0
1362,3
1363,3
1364,0
1365,3
1366,0
1367,3
1368,3
1369,3
1370,3
1371,3
1372,3
1373,3
1374,3
1375,1
1376,0
1377,3
1378,3
1379,0
1380,0
1381,3
1382,2
1383,0
1384,0
1385,3
1386,3
1387,0
1388,3
1389,0
1390,0
1391,3
1392,3
1393,0
1394,3
1395,3
1396,0
1397,0
1398,0
1399,2
1400,3
1401,0
1402,0
1403,0
1404,3
1405,0
1406,0
1407,0
1408,3
1409,0
1410,0
1411,0
1412,0
1413,0
1414,2
1415,0
1416,0
1417,0
1418,0
1419,0
1420,0
1421,0
1422,0
1423,0
1424,0
1425,0
1426,0
1427,0
1428,0
1429,0
1430,3
1431,0
1432,0
1433,0
1434,0
1435,3
1436,0
1437,0
1438,0
1439,0
1440,3
1441,3
1442,0
1443,0
1444,0
1445,0
1446,3
1447,0
1448,0
1449,3
1450,0
1451,0
1452,0
1453,3
1454,0
1455,2
1456,0
1457,0
1458,0
1459,0
1460,0
1461,0
1462,0
1463,3
1464,0
1465,0
1466,0
1467,0
1468,3
1469,0
1470,0
1471,0
1472,2
1473,0
1474,0
1475,0
1476,0
1477,0
1478,0
1479,0
1480,0
1481,0
1482,3
1483,0
1484,0
1485,3
1486,0
1487,0
1488,0
1489,1
1490,0
1491,0
1492,0
1493,0
1494,0
1495,0
1496,0
1497,2
1498,0
1499,0
1500,3
1501,3
1502,0
1503,0
1504,3
1505,0
1506,0
1507,2
1508,0
1509,0
1510,0
1511,2
1512,0
1513,0
1514,0
1515,3
1516,2
1517,0
1518,3
1519,0
1520,0
1521,0
1522,0
1523,0
1524,3
1525,2
1526,0
1527,0
1528,0
1529,2
1530,0
1531,0
1532,0
1533,0
1534,3
1535,3
1536,0
1537,0
1538,0
1539,0
1540,3
1541,0
1542,0
1543,0
1544,0
1545,0
1546,0
1547,3
1548,0
1549,0
1550,0
1551,0
1552,3
1553,0
1554,2
1555,0
1556,0
1557,3
1558,0
1559,3
1560,0
1561,0
1562,2
1563,3
1564,0
1565,0
1566,0
1567,0
1568,0
1569,3
1570,3
1571,0
1572,3
1573,3
1574,3
1575,3
1576,0
1577,3
1578,0
1579,3
1580,0
1581,0
1582,0
1583,0
1584,0
1585,2
1586,0
1587,0
1588,0
1589,2
1590,0
1591,0
1592,3
1593,0
1594,0
1595,3
1596,3
1597,0
1598,0
1599,0
1600,0
1601,0
1602,0
1603,0
1604,0
1605,0
1606,0
1607,0
1608,0
1609,0
1610,0
1611,3
1612,0
1613,0
1614,0
1615,0
1616,0
1617,0
1618,3
1619,3
1620,0
1621,0
1622,0
1623,0
1624,0
1625,3
1626,0
1627,2
1628,0
1629,0
1630,3
1631,2
1632,0
1633,3
1634,0
1635,0
1636,3
1637,2
1638,0
1639,3
1640,0
1641,0
1642,3
1643,0
1644,0
1645,3
1646,0
1647,0
1648,3
1649,0
1650,0
1651,0
1652,0
1653,0
1654,0
1655,2
1656,0
1657,0
1658,0
1659,0
1660,0
1661,0
1662,0
1663,0
1664,0
1665,0
1666,0
1667,0
1668,0
1669,3
1670,3
1671,3
1672,0
1673,3
1674,1
1675,0
1676,0
1677,0
1678,3
1679,0
1680,0
1681,0
1682,0
1683,0
1684,0
1685,3
1686,0
1687,0
1688,0
1689,0
1690,3
1691,0
1692,2
1693,2
1694,3
1695,0
1696,3
1697,0
1698,0
1699,0
1700,0
1701,0
1702,0
1703,0
1704,0
1705,0
1706,0
1707,0
1708,0
1709,0
1710,0
1711,3
1712,0
1713,0
1714,0
1715,0
1716,0
1717,3
1718,3
1719,0
1720,3
1721,0
1722,3
1723,0
1724,0
1725,2
1726,3
1727,0
1728,2
1729,0
1730,3
1731,0
1732,3
1733,3
1734,2
1735,0
1736,3
1737,3
1738,3
1739,2
1740,2
1741,3
1742,0
1743,0
1744,3
1745,2
1746,2
1747,2
1748,3
1749,2
1750,3
1751,2
1752,2
1753,2
1754,2
1755,2
1756,2
1757,2
1758,3
1759,2
1760,0
1761,0
1762,0
1763,3
1764,2
1765,2
1766,0
1767,0
1768,2
1769,0
1770,2
1771,0
1772,0
1773,2
1774,2
1775,0
1776,0
1777,2
1778,0
1779,0
1780,0
1781,0
1782,0
1783,0
1784,0
1785,0
1786,0
1787,0
1788,0
1789,0
1790,0
1791,3
1792,0
1793,0
1794,0
1795,0
1796,0
1797,0
1798,0
1799,0
1800,0
1801,0
1802,3
1803,1
1804,3
1805,0
1806,3
1807,0
1808,2
1809,0
1810,0
1811,2
1812,0
1813,3
1814,1
1815,2
1816,3
1817,0
1818,0
1819,2
1820,3
1821,0
1822,0
1823,0
1824,3
1825,0
1826,3
1827,0
1828,3
1829,0
1830,0
1831,0
1832,0
1833,3
1834,0
1835,0
1836,0
1837,0
1838,3
1839,0
1840,0
1841,0
1842,3
1843,0
1844,0
1845,0
1846,0
1847,0
1848,0
1849,0
1850,0
1851,0
1852,0
1853,0
1854,0
1855,0
1856,3
1857,0
1858,0
1859,0
1860,0
1861,2
1862,0
1863,0
1864,0
1865,0
1866,3
1867,0
1868,3
1869,3
1870,0
1871,0
1872,0
1873,0
1874,0
1875,0
1876,0
1877,0
1878,0
1879,0
1880,0
1881,0
1882,3
1883,0
1884,0
1885,0
1886,0
1887,0
1888,3
1889,3
1890,3
1891,3
1892,0
1893,3
1894,0
1895,0
1896,0
1897,0
1898,0
1899,3
1900,0
1901,0
1902,3
1903,0
1904,0
1905,0
1906,3
1907,3
1908,0
1909,0
1910,0
1911,0
1912,0
1913,3
1914,0
1915,0
1916,0
1917,0
1918,0
1919,0
1920,0
1921,2
1922,0
1923,0
1924,0
1925,0
1926,0
1927,0
1928,3
1929,0
1930,3
1931,2
1932,0
1933,3
1934,0
1935,3
1936,3
1937,3
1938,0
1939,0
1940,0
1941,2
1942,0
1943,0
1944,3
1945,0
1946,0
1947,3
1948,0
1949,2
1950,0
1951,0
1952,3
1953,0
1954,0
1955,0
1956,0
1957,0
1958,0
1959,3
1960,0
1961,0
1962,3
1963,0
1964,0
1965,0
1966,3
1967,3
1968,0
1969,0
1970,3
1971,0
1972,0
1973,0
1974,0
1975,0
1976,0
1977,0
1978,0
1979,0
1980,0
1981,0
1982,0
1983,0
1984,0
1985,0
1986,0
1987,0
1988,0
1989,0
1990,0
1991,0
1992,0
1993,0
1994,0
1995,0
1996,0
1997,0
1998,0
1999,0
2000,0
2001,0
2002,0
2003,0
2004,0
2005,0
2006,3
2007,3
2008,0
2009,3
2010,0
2011,0
2012,0
2013,3
2014,0
2015,0
2016,3
2017,0
2018,0
2019,3
2020,0
2021,0
2022,0
2023,0
2024,3
2025,0
2026,0
2027,0
2028,0
2029,0
2030,0
2031,3
2032,3
2033,0
2034,0
2035,3
2036,0
2037,0
2038,3
2039,3
2040,2
2041,0
2042,3
2043,3
2044,0
2045,0
2046,0
2047,0
2048,0
2049,0
2050,0
2051,0
2052,0
2053,0
2054,0
2055,0
2056,0
2057,0
2058,2
2059,0
2060,0
2061,0
2062,3
2063,3
2064,0
2065,0
2066,0
2067,0
2068,3
2069,0
2070,0
2071,0
2072,0
2073,0
2074,0
2075,0
2076,0
2077,3
2078,0
2079,0
2080,0
2081,0
2082,0
2083,3
2084,0
2085,0
2086,0
2087,0
2088,0
2089,0
2090,0
2091,0
2092,0
2093,0
2094,0
2095,3
2096,0
2097,0
2098,0
2099,3
2100,0
2101,0
2102,0
2103,0
2104,0
2105,0
2106,0
2107,2
2108,0
2109,0
2110,0
2111,0
2112,0
2113,0
2114,3
2115,0
2116,0
2117,0
2118,0
2119,3
2120,3
2121,0
2122,0
2123,0
2124,0
2125,0
2126,0
2127,0
2128,0
2129,0
2130,0
2131,0
2132,0
2133,0
2134,2
2135,0
2136,0
2137,0
2138,3
2139,0
2140,0
2141,3
2142,0
2143,0
2144,0
2145,0
2146,0
2147,0
2148,0
2149,0
2150,0
2151,2
2152,0
2153,3
2154,0
2155,0
2156,0
2157,0
2158,0
2159,0
2160,0
2161,0
2162,0
2163,3
2164,0
2165,1
2166,3
2167,3
2168,0
2169,0
2170,3
2171,0
2172,0
2173,0
2174,0
2175,0
2176,0
2177,0
2178,0
2179,0
2180,0
2181,0
2182,0
2183,3
2184,0
2185,0
2186,0
2187,0
2188,0
2189,0
2190,0
2191,0
2192,0
2193,0
2194,0
2195,0
2196,0
2197,0
2198,0
2199,0
2200,0
2201,0
2202,0
2203,0
2204,0
2205,0
2206,0
2207,0
2208,0
2209,0
2210,0
2211,0
2212,0
2213,0
2214,0
2215,0
2216,0
2217,3
2218,0
2219,0
2220,0
2221,0
2222,0
2223,0
2224,0
2225,0
2226,0
2227,0
2228,0
2229,0
2230,0
2231,0
2232,0
2233,0
2234,0
2235,0
2236,0
2237,0
2238,0
2239,0
2240,0
2241,0
2242,0
2243,0
2244,0
2245,0
2246,0
2247,0
2248,0
2249,0
2250,0
2251,0
2252,0
2253,0
2254,0
2255,0
2256,0
2257,0
2258,0
2259,0
2260,3
2261,2
2262,0
2263,0
2264,0
2265,0
2266,0
2267,0
2268,0
2269,0
2270,0
2271,0
2272,0
2273,0
2274,0
2275,0
2276,0
2277,0
2278,0
2279,0
2280,0
2281,0
2282,3
2283,3
2284,0
2285,0
2286,0
2287,0
2288,0
2289,0
2290,0
2291,0
2292,0
2293,0
2294,3
2295,3
2296,0
2297,0
2298,0
2299,0
2300,0
2301,0
2302,0
2303,3
2304,2
2305,0
2306,0
2307,0
2308,0
2309,0
2310,0
2311,0
2312,0
2313,0
2314,0
2315,0
2316,0
2317,2
2318,0
2319,0
2320,0
2321,0
2322,0
2323,0
2324,0
2325,3
2326,0
2327,0
2328,0
2329,0
2330,3
2331,0
2332,3
2333,3
2334,3
2335,0
2336,3
2337,0
2338,3
2339,0
2340,0
2341,0
2342,0
2343,3
2344,0
2345,0
2346,0
2347,0
2348,3
2349,0
2350,0
2351,0
2352,0
2353,0
2354,0
2355,0
2356,0
2357,0
2358,0
2359,0
2360,0
2361,3
2362,0
2363,0
2364,0
2365,0
2366,0
2367,0
2368,0
2369,0
2370,3
2371,0
2372,0
2373,0
2374,0
2375,0
2376,0
2377,0
2378,0
2379,0
2380,0
2381,2
2382,2
2383,0
2384,3
2385,3
2386,3
2387,0
2388,3
2389,0
2390,0
2391,0
2392,0
2393,0
2394,0
2395,0
2396,0
2397,0
2398,0
2399,0
2400,0
2401,0
2402,0
2403,0
2404,0
2405,0
2406,0
2407,0
2408,0
2409,0
2410,0
2411,0
2412,0
2413,0
2414,0
2415,0
2416,0
2417,0
2418,0
2419,0
2420,0
2421,0
2422,0
2423,3
2424,0
2425,3
2426,0
2427,0
2428,0
2429,0
2430,0
2431,0
2432,0
2433,0
2434,0
2435,0
2436,0
2437,0
2438,0
2439,3
2440,0
2441,0
2442,0
2443,0
2444,0
2445,0
2446,0
2447,0
2448,0
2449,0
2450,0
2451,0
2452,0
2453,0
2454,0
2455,0
2456,0
2457,0
2458,3
2459,0
2460,0
2461,0
2462,0
2463,0
2464,0
2465,0
2466,3
2467,0
2468,0
2469,0
2470,0
2471,0
2472,0
2473,0
2474,0
2475,0
2476,0
2477,0
2478,0
2479,0
2480,0
2481,0
2482,0
2483,0
2484,0
2485,0
2486,0
2487,0
2488,0
2489,0
2490,0
2491,0
2492,0
2493,0
2494,0
2495,0
2496,3
2497,0
2498,0
2499,0
2500,0
2501,0
2502,0
2503,0
2504,3
2505,0
2506,0
2507,0
2508,0
2509,0
2510,3
2511,0
2512,0
2513,0
2514,2
2515,0
2516,0
2517,0
2518,3
2519,0
2520,0
2521,0
2522,0
2523,0
2524,0
2525,0
2526,0
2527,0
2528,0
2529,0
2530,0
2531,0
2532,0
2533,0
2534,0
2535,0
2536,0
2537,0
2538,0
2539,0
2540,0
2541,0
2542,0
2543,0
2544,0
2545,0
2546,0
2547,0
2548,0
2549,0
2550,3
2551,0
2552,0
2553,3
2554,0
2555,0
2556,0
2557,0
2558,3
2559,0
2560,0
2561,0
2562,0
2563,0
2564,0
2565,3
2566,0
2567,0
2568,0
2569,0
2570,0
2571,0
2572,0
2573,0
2574,0
2575,0
2576,0
2577,0
2578,0
2579,3
2580,0
2581,0
2582,0
2583,0
2584,0
2585,0
2586,0
2587,0
2588,0
2589,0
2590,0
2591,0
2592,0
2593,0
2594,0
2595,0
2596,0
2597,0
2598,0
2599,0
2600,0
2601,0
2602,0
2603,0
2604,0
2605,0
2606,0
2607,0
2608,0
2609,0
2610,0
2611,0
2612,0
2613,0
2614,0
2615,0
2616,0
2617,3
2618,0
2619,0
2620,0
2621,0
2622,0
2623,0
2624,0
2625,0
2626,0
2627,0
2628,0
2629,0
2630,0
2631,0
2632,0
2633,0
2634,0
2635,3
2636,0
2637,0
2638,0
2639,0
2640,0
2641,0
2642,0
2643,0
2644,0
2645,0
2646,0
2647,0
2648,0
2649,0
2650,0
2651,0
2652,0
2653,3
2654,0
2655,0
2656,0
2657,0
2658,0
2659,0
2660,0
2661,3
2662,0
2663,0
2664,0
2665,0
2666,0
2667,0
2668,0
2669,0
2670,0
2671,3
2672,0
2673,0
2674,0
2675,0
2676,0
2677,0
2678,0
2679,0
2680,3
2681,0
2682,0
2683,0
2684,0
2685,0
2686,0
2687,0
2688,0
2689,0
2690,0
2691,3
2692,0
2693,2
2694,0
2695,0
2696,0
2697,0
2698,0
2699,0
2700,0
2701,3
2702,0
2703,0
2704,0
2705,0
2706,0
2707,0
2708,0
2709,0
2710,0
2711,0
2712,0
2713,0
2714,0
2715,0
2716,0
2717,3
2718,0
2719,0
2720,0
2721,0
2722,0
2723,0
2724,0
2725,0
2726,0
2727,0
2728,0
2729,0
2730,0
2731,2
2732,0
2733,0
2734,0
2735,0
2736,0
2737,0
2738,0
2739,0
2740,2
2741,0
2742,0
2743,0
2744,0
2745,0
2746,0
2747,0
2748,0
2749,0
2750,0
2751,0
2752,0
2753,0
2754,0
2755,0
2756,0
2757,0
2758,0
2759,0
2760,0
2761,0
2762,0
2763,0
2764,0
2765,0
2766,0
2767,0
2768,0
2769,0
2770,0
2771,0
2772,0
2773,0
2774,3
2775,0
2776,0
2777,0
2778,0
2779,0
2780,0
2781,0
2782,0
2783,0
2784,0
2785,0
2786,0
2787,0
2788,0
2789,0
2790,0
2791,0
2792,0
2793,0
2794,0
2795,0
2796,0
2797,0
2798,0
2799,0
2800,0
2801,0
2802,0
2803,0
2804,0
2805,0
2806,0
2807,0
2808,3
2809,0
2810,0
2811,0
2812,0
2813,0
2814,0
2815,3
2816,0
2817,0
2818,0
2819,0
2820,0
2821,0
2822,0
2823,0
2824,0
2825,0
2826,0
2827,0
2828,0
2829,0
2830,0
2831,0
2832,0
2833,0
2834,0
2835,0
2836,0
2837,0
2838,0
2839,0
2840,0
2841,0
2842,0
2843,0
2844,0
2845,0
2846,0
2847,0
2848,0
2849,0
2850,0
2851,0
2852,0
2853,0
2854,0
2855,0
2856,0
2857,0
2858,0
2859,0
2860,0
2861,0
2862,0
2863,0
2864,0
2865,0
2866,0
2867,0
2868,0
2869,0
2870,0
2871,0
2872,0
2873,0
2874,3
2875,0
2876,0
2877,0
2878,0
2879,0
2880,0
2881,0
2882,3
2883,0
2884,0
2885,0
2886,0
2887,3
2888,0
2889,0
2890,0
2891,0
2892,0
2893,0
2894,0
2895,0
2896,0
2897,0
2898,0
2899,0
2900,0
2901,0
2902,0
2903,0
2904,0
2905,0
2906,0
2907,0
2908,0
2909,0
2910,0
2911,0
2912,0
2913,0
2914,0
2915,0
2916,0
2917,0
2918,0
2919,0
2920,0
2921,0
2922,0
2923,0
2924,0
2925,0
2926,0
2927,0
2928,0
2929,0
2930,2
2931,0
2932,0
2933,0
2934,3
2935,0
2936,0
2937,0
2938,0
2939,0
2940,0
2941,0
2942,0
2943,0
2944,0
2945,0
2946,0
2947,0
2948,0
2949,0
2950,0
2951,0
2952,0
2953,3
2954,0
2955,0
2956,0
2957,0
2958,0
2959,0
2960,0
2961,0
2962,0
2963,0
2964,0
2965,0
2966,0
2967,0
2968,0
2969,0
2970,0
2971,0
2972,0
2973,0
2974,0
2975,0
2976,0
2977,0
2978,0
2979,0
2980,0
2981,0
2982,0
2983,0
2984,0
2985,0
2986,0
2987,1
2988,1
2989,1
2990,1
2991,1
2992,1
2993,1
2994,1
2995,2
2996,1
2997,1
2998,1
2999,1
3000,1
3001,1
3002,1
3003,1
3004,1
3005,1
3006,1
3007,1
3008,1
3009,1
3010,1
3011,1
3012,1
3013,1
3014,1
3015,1
3016,1
3017,1
3018,1
3019,1
3020,1
3021,1
3022,1
3023,1
3024,1
3025,1
3026,1
3027,2
3028,1
3029,3
3030,1
3031,1
3032,1
3033,1
3034,1
3035,1
3036,1
3037,1
3038,1
3039,1
3040,3
3041,1
3042,1
3043,1
3044,1
3045,1
3046,1
3047,1
3048,1
3049,1
3050,1
3051,1
3052,1
3053,1
3054,1
3055,1
3056,1
3057,1
3058,1
3059,1
3060,1
3061,1
3062,1
3063,1
3064,1
3065,1
3066,1
3067,1
3068,1
3069,1
3070,1
3071,1
3072,3
3073,1
3074,1
3075,1
3076,1
3077,1
3078,1
3079,1
3080,3
3081,1
3082,1
3083,1
3084,1
3085,1
3086,1
3087,1
3088,1
3089,1
3090,1
3091,3
3092,1
3093,1
3094,1
3095,3
3096,1
3097,1
3098,1
3099,1
3100,1
3101,1
3102,1
3103,1
3104,1
3105,1
3106,1
3107,1
3108,1
3109,1
3110,1
3111,1
3112,1
3113,1
3114,1
3115,1
3116,1
3117,3
3118,1
3119,1
3120,1
3121,1
3122,1
3123,3
3124,3
3125,1
3126,1
3127,1
3128,1
3129,1
3130,1
3131,1
3132,1
3133,1
3134,1
3135,1
3136,1
3137,1
3138,1
3139,1
3140,1
3141,1
3142,1
3143,1
3144,1
3145,1
3146,1
3147,1
3148,1
3149,1
3150,1
3151,1
3152,1
3153,1
3154,1
3155,3
3156,3
3157,1
3158,1
3159,1
3160,1
3161,1
3162,1
3163,1
3164,0
3165,1
3166,1
3167,3
3168,1
3169,1
3170,1
3171,1
3172,1
3173,1
3174,1
3175,1
3176,1
3177,1
3178,1
3179,1
3180,1
3181,3
3182,1
3183,1
3184,1
3185,1
3186,1
3187,1
3188,1
3189,1
3190,1
3191,1
3192,1
3193,1
3194,1
3195,1
3196,1
3197,1
3198,1
3199,1
3200,1
3201,1
3202,1
3203,1
3204,1
3205,1
3206,2
3207,1
3208,1
3209,1
3210,3
3211,1
3212,1
3213,1
3214,1
3215,1
3216,1
3217,1
3218,1
3219,1
3220,1
3221,1
3222,1
3223,1
3224,1
3225,1
3226,1
3227,1
3228,1
3229,1
3230,1
3231,1
3232,1
3233,1
3234,1
3235,1
3236,3
3237,1
3238,1
3239,1
3240,1
3241,1
3242,1
3243,1
3244,1
3245,1
3246,1
3247,1
3248,1
3249,1
3250,1
3251,1
3252,3
3253,1
3254,1
3255,1
3256,3
3257,1
3258,1
3259,1
3260,1
3261,1
3262,1
3263,1
3264,1
3265,1
3266,1
3267,1
3268,1
3269,1
3270,1
3271,1
3272,1
3273,1
3274,1
3275,1
3276,1
3277,1
3278,1
3279,1
3280,1
3281,1
3282,1
3283,1
3284,1
3285,1
3286,1
3287,1
3288,1
3289,1
3290,1
3291,1
3292,1
3293,2
3294,1
3295,1
3296,1
3297,3
3298,3
3299,1
3300,1
3301,1
3302,1
3303,3
3304,3
3305,1
3306,1
3307,1
3308,1
3309,1
3310,1
3311,1
3312,1
3313,1
3314,1
3315,3
3316,1
3317,1
3318,1
3319,1
3320,1
3321,1
3322,1
3323,1
3324,1
3325,2
3326,1
3327,1
3328,1
3329,1
3330,1
3331,1
3332,1
3333,1
3334,2
3335,1
3336,1
3337,1
3338,1
3339,1
3340,1
3341,1
3342,3
3343,1
3344,1
3345,1
3346,1
3347,1
3348,3
3349,1
3350,1
3351,1
3352,1
3353,1
3354,1
3355,1
3356,1
3357,1
3358,1
3359,1
3360,1
3361,1
3362,1
3363,1
3364,1
3365,1
3366,1
3367,1
3368,1
3369,1
3370,3
3371,1
3372,1
3373,1
3374,1
3375,1
3376,1
3377,1
3378,1
3379,3
3380,1
3381,1
3382,1
3383,1
3384,1
3385,1
3386,1
3387,1
3388,1
3389,1
3390,3
3391,1
3392,1
3393,1
3394,1
3395,1
3396,1
3397,1
3398,1
3399,1
3400,1
3401,1
3402,3
3403,1
3404,1
3405,3
3406,1
3407,1
3408,1
3409,1
3410,1
3411,1
3412,1
3413,1
3414,2
3415,1
3416,2
3417,1
3418,3
3419,1
3420,1
3421,1
3422,1
3423,1
3424,3
3425,1
3426,1
3427,1
3428,1
3429,1
3430,1
3431,1
3432,1
3433,1
3434,1
3435,1
3436,3
3437,1
3438,1
3439,1
3440,1
3441,1
3442,1
3443,1
3444,1
3445,1
3446,1
3447,1
3448,1
3449,1
3450,1
3451,1
3452,1
3453,1
3454,1
3455,1
3456,1
3457,1
3458,1
3459,1
3460,1
3461,1
3462,1
3463,1
3464,1
3465,1
3466,1
3467,1
3468,1
3469,1
3470,3
3471,1
3472,1
3473,1
3474,1
3475,1
3476,1
3477,1
3478,1
3479,1
3480,3
3481,1
3482,1
3483,1
3484,3
3485,1
3486,1
3487,1
3488,1
3489,3
3490,1
3491,1
3492,1
3493,1
3494,1
3495,1
3496,1
3497,1
3498,1
3499,1
3500,3
3501,1
3502,1
3503,1
3504,1
3505,1
3506,3
3507,1
3508,1
3509,1
3510,1
3511,1
3512,1
3513,1
3514,1
3515,2
3516,1
3517,1
3518,1
3519,1
3520,1
3521,1
3522,1
3523,1
3524,1
3525,1
3526,1
3527,1
3528,2
3529,1
3530,1
3531,1
3532,3
3533,1
3534,1
3535,1
3536,1
3537,1
3538,1
3539,1
3540,1
3541,1
3542,1
3543,1
3544,1
3545,1
3546,1
3547,2
3548,1
3549,1
3550,1
3551,1
3552,1
3553,1
3554,1
3555,1
3556,1
3557,1
3558,1
3559,1
3560,1
3561,1
3562,1
3563,1
3564,1
3565,1
3566,1
3567,1
3568,1
3569,1
3570,1
3571,1
3572,1
3573,1
3574,1
3575,1
3576,1
3577,1
3578,1
3579,1
3580,1
3581,1
3582,1
3583,1
3584,1
3585,1
3586,1
3587,1
3588,1
3589,1
3590,1
3591,1
3592,1
3593,1
3594,1
3595,3
3596,1
3597,1
3598,1
3599,1
3600,1
3601,1
3602,1
3603,1
3604,1
3605,2
3606,1
3607,1
3608,1
3609,1
3610,1
3611,1
3612,1
3613,1
3614,1
3615,1
3616,1
3617,1
3618,3
3619,1
3620,1
3621,1
3622,1
3623,1
3624,1
3625,1
3626,1
3627,1
3628,1
3629,1
3630,1
3631,1
3632,1
3633,1
3634,1
3635,1
3636,1
3637,1
3638,1
3639,3
3640,1
3641,1
3642,1
3643,3
3644,1
3645,1
3646,1
3647,1
3648,1
3649,1
3650,1
3651,1
3652,1
3653,1
3654,1
3655,1
3656,1
3657,1
3658,1
3659,1
3660,1
3661,1
3662,1
3663,1
3664,1
3665,1
3666,1
3667,1
3668,1
3669,1
3670,1
3671,1
3672,3
3673,1
3674,1
3675,1
3676,1
3677,1
3678,1
3679,1
3680,1
3681,1
3682,1
3683,1
3684,1
3685,1
3686,1
3687,1
3688,1
3689,1
3690,1
3691,1
3692,1
3693,1
3694,1
3695,1
3696,1
3697,1
3698,1
3699,1
3700,1
3701,1
3702,2
3703,1
3704,1
3705,1
3706,1
3707,1
3708,1
3709,1
3710,1
3711,3
3712,1
3713,1
3714,1
3715,1
3716,1
3717,1
3718,1
3719,1
3720,1
3721,1
3722,1
3723,1
3724,1
3725,1
3726,1
3727,1
3728,1
3729,1
3730,1
3731,1
3732,1
3733,1
3734,1
3735,1
3736,1
3737,3
3738,1
3739,1
3740,3
3741,1
3742,1
3743,1
3744,1
3745,1
3746,1
3747,1
3748,1
3749,1
3750,1
3751,1
3752,3
3753,1
3754,1
3755,1
3756,1
3757,1
3758,1
3759,1
3760,1
3761,1
3762,2
3763,1
3764,1
3765,1
3766,1
3767,2
3768,1
3769,1
3770,1
3771,1
3772,1
3773,1
3774,1
3775,1
3776,1
3777,1
3778,1
3779,1
3780,1
3781,1
3782,1
3783,1
3784,1
3785,1
3786,1
3787,1
3788,1
3789,2
3790,1
3791,2
3792,1
3793,1
3794,1
3795,1
3796,1
3797,1
3798,1
3799,1
3800,1
3801,1
3802,1
3803,1
3804,1
3805,1
3806,1
3807,1
3808,1
3809,1
3810,1
3811,1
3812,1
3813,1
3814,1
3815,1
3816,1
3817,1
3818,2
3819,1
3820,1
3821,1
3822,3
3823,1
3824,1
3825,1
3826,1
3827,1
3828,1
3829,1
3830,1
3831,1
3832,1
3833,1
3834,2
3835,1
3836,3
3837,1
3838,1
3839,1
3840,1
3841,1
3842,1
3843,2
3844,1
3845,1
3846,3
3847,1
3848,1
3849,1
3850,1
3851,1
3852,1
3853,1
3854,1
3855,1
3856,1
3857,1
3858,1
3859,1
3860,1
3861,1
3862,1
3863,1
3864,1
3865,1
3866,1
3867,1
3868,1
3869,3
3870,1
3871,1
3872,1
3873,3
3874,1
3875,1
3876,1
3877,1
3878,1
3879,1
3880,1
3881,1
3882,3
3883,1
3884,3
3885,1
3886,1
3887,1
3888,1
3889,1
3890,1
3891,1
3892,1
3893,1
3894,1
3895,1
3896,1
3897,1
3898,1
3899,1
3900,1
3901,1
3902,1
3903,1
3904,1
3905,1
3906,1
3907,1
3908,1
3909,1
3910,1
3911,1
3912,1
3913,1
3914,1
3915,1
3916,1
3917,1
3918,1
3919,3
3920,1
3921,1
3922,1
3923,1
3924,1
3925,1
3926,2
3927,1
3928,1
3929,1
3930,1
3931,1
3932,1
3933,1
3934,1
3935,1
3936,1
3937,1
3938,1
3939,1
3940,2
3941,1
3942,1
3943,1
3944,1
3945,1
3946,1
3947,1
3948,1
3949,1
3950,1
3951,2
3952,1
3953,1
3954,1
3955,1
3956,1
3957,1
3958,1
3959,1
3960,1
3961,1
3962,1
3963,1
3964,3
3965,3
3966,3
3967,1
3968,1
3969,1
3970,1
3971,1
3972,1
3973,2
3974,1
3975,1
3976,1
3977,3
3978,1
3979,1
3980,1
3981,1
3982,1
3983,1
3984,1
3985,1
3986,1
3987,1
3988,1
3989,1
3990,1
3991,1
3992,1
3993,1
3994,1
3995,1
3996,1
3997,1
3998,1
3999,1
4000,1
4001,1
4002,1
4003,1
4004,1
4005,1
4006,1
4007,1
4008,1
4009,1
4010,1
4011,1
4012,1
4013,1
4014,1
4015,1
4016,1
4017,1
4018,1
4019,1
4020,1
4021,1
4022,1
4023,1
4024,1
4025,1
4026,1
4027,1
4028,1
4029,1
4030,1
4031,1
4032,1
4033,1
4034,1
4035,1
4036,1
4037,1
4038,1
4039,1
4040,1
4041,1
4042,1
4043,1
4044,1
4045,1
4046,1
4047,1
4048,1
4049,1
4050,1
4051,3
4052,1
4053,1
4054,1
4055,1
4056,1
4057,1
4058,1
4059,1
4060,1
4061,1
4062,1
4063,1
4064,1
4065,1
4066,1
4067,1
4068,1
4069,1
4070,1
4071,2
4072,3
4073,1
4074,1
4075,1
4076,1
4077,1
4078,1
4079,1
4080,1
4081,1
4082,1
4083,1
4084,1
4085,1
4086,1
4087,1
4088,1
4089,1
4090,1
4091,1
4092,1
4093,1
4094,1
4095,1
4096,1
4097,1
4098,1
4099,3
4100,1
4101,1
4102,1
4103,1
4104,1
4105,1
4106,1
4107,1
4108,1
4109,1
4110,1
4111,1
4112,1
4113,1
4114,2
4115,1
4116,1
4117,1
4118,1
4119,1
4120,1
4121,1
4122,1
4123,1
4124,1
4125,1
4126,1
4127,1
4128,1
4129,1
4130,1
4131,1
4132,1
4133,1
4134,1
4135,1
4136,1
4137,1
4138,1
4139,1
4140,1
4141,1
4142,1
4143,1
4144,1
4145,1
4146,1
4147,1
4148,1
4149,1
4150,1
4151,1
4152,3
4153,1
4154,1
4155,1
4156,1
4157,1
4158,1
4159,1
4160,1
4161,1
4162,1
4163,1
4164,1
4165,1
4166,1
4167,3
4168,1
4169,1
4170,1
4171,1
4172,1
4173,1
4174,1
4175,1
4176,1
4177,1
4178,2
4179,1
4180,1
4181,1
4182,1
4183,1
4184,1
4185,1
4186,1
4187,1
4188,1
4189,1
4190,1
4191,1
4192,1
4193,1
4194,1
4195,1
4196,2
4197,1
4198,3
4199,1
4200,1
4201,1
4202,1
4203,1
4204,1
4205,1
4206,1
4207,1
4208,1
4209,1
4210,1
4211,1
4212,1
4213,1
4214,1
4215,1
4216,1
4217,1
4218,1
4219,1
4220,3
4221,1
4222,1
4223,1
4224,1
4225,1
4226,1
4227,1
4228,1
4229,1
4230,1
4231,1
4232,1
4233,1
4234,1
4235,1
4236,1
4237,1
4238,1
4239,1
4240,1
4241,1
4242,1
4243,1
4244,1
4245,1
4246,1
4247,1
4248,1
4249,1
4250,1
4251,1
4252,1
4253,1
4254,1
4255,1
4256,1
4257,1
4258,1
4259,1
4260,1
4261,1
4262,1
4263,1
4264,2
4265,1
4266,1
4267,1
4268,1
4269,1
4270,1
4271,1
4272,1
4273,3
4274,1
4275,1
4276,1
4277,1
4278,1
4279,1
4280,1
4281,1
4282,1
4283,1
4284,1
4285,1
4286,1
4287,1
4288,1
4289,1
4290,1
4291,1
4292,1
4293,1
4294,1
4295,1
4296,1
4297,1
4298,1
4299,1
4300,1
4301,1
4302,1
4303,1
4304,1
4305,1
4306,1
4307,1
4308,1
4309,1
4310,1
4311,1
4312,2
4313,1
4314,1
4315,1
4316,1
4317,1
4318,1
4319,1
4320,1
4321,1
4322,1
4323,1
4324,1
4325,3
4326,1
4327,3
4328,1
4329,1
4330,1
4331,1
4332,3
4333,1
4334,1
4335,1
4336,1
4337,1
4338,1
4339,1
4340,1
4341,1
4342,1
4343,1
4344,1
4345,1
4346,1
4347,1
4348,1
4349,1
4350,1
4351,1
4352,1
4353,1
4354,1
4355,1
4356,1
4357,1
4358,1
4359,3
4360,1
4361,1
4362,1
4363,3
4364,1
4365,3
4366,1
4367,1
4368,1
4369,1
4370,1
4371,1
4372,1
4373,1
4374,1
4375,1
4376,1
4377,1
4378,1
4379,1
4380,1
4381,1
4382,1
4383,1
4384,1
4385,2
4386,1
4387,1
4388,1
4389,3
4390,1
4391,1
4392,1
4393,1
4394,3
4395,1
4396,1
4397,1
4398,1
4399,1
4400,1
4401,1
4402,1
4403,1
4404,1
4405,1
4406,1
4407,1
4408,1
4409,1
4410,1
4411,1
4412,1
4413,1
4414,1
4415,1
4416,2
4417,1
4418,1
4419,1
4420,1
4421,1
4422,1
4423,3
4424,1
4425,1
4426,1
4427,1
4428,1
4429,1
4430,1
4431,1
4432,3
4433,1
4434,1
4435,1
4436,1
4437,1
4438,1
4439,1
4440,1
4441,1
4442,1
4443,1
4444,1
4445,1
4446,1
4447,1
4448,1
4449,1
4450,1
4451,1
4452,1
4453,1
4454,1
4455,1
4456,1
4457,1
4458,1
4459,1
4460,2
4461,1
4462,1
4463,1
4464,1
4465,1
4466,3
4467,1
4468,1
4469,1
4470,1
4471,3
4472,3
4473,1
4474,1
4475,1
4476,1
4477,1
4478,1
4479,1
4480,3
4481,3
4482,1
4483,3
4484,1
4485,1
4486,1
4487,1
4488,1
4489,1
4490,1
4491,1
4492,1
4493,1
4494,1
4495,1
4496,1
4497,1
4498,1
4499,1
4500,2
4501,1
4502,1
4503,1
4504,1
4505,1
4506,1
4507,1
4508,1
4509,1
4510,1
4511,1
4512,1
4513,1
4514,1
4515,1
4516,1
4517,1
4518,1
4519,3
4520,1
4521,1
4522,1
4523,1
4524,1
4525,1
4526,1
4527,1
4528,1
4529,1
4530,1
4531,1
4532,1
4533,1
4534,1
4535,1
4536,1
4537,1
4538,1
4539,2
4540,1
4541,1
4542,1
4543,1
4544,1
4545,1
4546,1
4547,1
4548,1
4549,1
4550,1
4551,1
4552,1
4553,1
4554,1
4555,1
4556,1
4557,1
4558,1
4559,1
4560,1
4561,1
4562,1
4563,1
4564,1
4565,3
4566,1
4567,0
4568,2
4569,1
4570,1
4571,1
4572,1
4573,1
4574,1
4575,3
4576,1
4577,1
4578,2
4579,1
4580,1
4581,1
4582,1
4583,1
4584,1
4585,1
4586,1
4587,1
4588,1
4589,1
4590,1
4591,1
4592,1
4593,1
4594,1
4595,1
4596,1
4597,1
4598,1
4599,2
4600,3
4601,1
4602,2
4603,1
4604,2
4605,3
4606,3
4607,1
4608,1
4609,1
4610,1
4611,1
4612,1
4613,1
4614,1
4615,1
4616,1
4617,1
4618,1
4619,1
4620,1
4621,1
4622,1
4623,1
4624,1
4625,1
4626,1
4627,1
4628,3
4629,3
4630,1
4631,1
4632,1
4633,1
4634,1
4635,1
4636,1
4637,1
4638,1
4639,1
4640,1
4641,1
4642,1
4643,1
4644,1
4645,3
4646,1
4647,1
4648,3
4649,1
4650,1
4651,1
4652,1
4653,1
4654,1
4655,1
4656,1
4657,1
4658,1
4659,1
4660,1
4661,1
4662,1
4663,1
4664,1
4665,3
4666,2
4667,1
4668,1
4669,1
4670,1
4671,1
4672,1
4673,1
4674,1
4675,1
4676,1
4677,1
4678,1
4679,1
4680,3
4681,1
4682,1
4683,1
4684,1
4685,1
4686,1
4687,1
4688,1
4689,1
4690,1
4691,1
4692,2
4693,1
4694,1
4695,1
4696,3
4697,1
4698,3
4699,1
4700,1
4701,1
4702,1
4703,1
4704,1
4705,1
4706,1
4707,1
4708,1
4709,1
4710,1
4711,1
4712,1
4713,1
4714,1
4715,1
4716,1
4717,3
4718,3
4719,1
4720,3
4721,1
4722,1
4723,1
4724,1
4725,1
4726,1
4727,2
4728,1
4729,1
4730,1
4731,1
4732,1
4733,1
4734,1
4735,1
4736,1
4737,1
4738,1
4739,2
4740,1
4741,1
4742,1
4743,2
4744,1
4745,1
4746,1
4747,1
4748,1
4749,1
4750,1
4751,1
4752,1
4753,3
4754,1
4755,1
4756,1
4757,1
4758,1
4759,1
4760,1
4761,1
4762,1
4763,1
4764,1
4765,1
4766,1
4767,1
4768,1
4769,1
4770,1
4771,1
4772,1
4773,1
4774,1
4775,1
4776,1
4777,1
4778,1
4779,1
4780,3
4781,1
4782,1
4783,1
4784,1
4785,1
4786,1
4787,1
4788,1
4789,3
4790,1
4791,1
4792,1
4793,1
4794,1
4795,1
4796,1
4797,3
4798,1
4799,1
4800,1
4801,1
4802,1
4803,1
4804,1
4805,1
4806,1
4807,1
4808,1
4809,1
4810,1
4811,1
4812,1
4813,1
4814,1
4815,1
4816,1
4817,1
4818,1
4819,1
4820,1
4821,1
4822,1
4823,1
4824,3
4825,1
4826,1
4827,1
4828,1
4829,1
4830,1
4831,1
4832,1
4833,1
4834,1
4835,1
4836,1
4837,1
4838,1
4839,1
4840,1
4841,1
4842,1
4843,1
4844,1
4845,1
4846,1
4847,1
4848,1
4849,1
4850,1
4851,1
4852,1
4853,1
4854,1
4855,1
4856,1
4857,1
4858,1
4859,1
4860,1
4861,1
4862,1
4863,1
4864,1
4865,1
4866,1
4867,1
4868,1
4869,1
4870,1
4871,1
4872,1
4873,2
4874,1
4875,1
4876,1
4877,1
4878,1
4879,1
4880,1
4881,1
4882,1
4883,1
4884,1
4885,1
4886,1
4887,1
4888,1
4889,1
4890,1
4891,1
4892,1
4893,1
4894,1
4895,1
4896,1
4897,1
4898,1
4899,1
4900,1
4901,1
4902,1
4903,1
4904,1
4905,2
4906,1
4907,1
4908,1
4909,1
4910,1
4911,1
4912,3
4913,2
4914,1
4915,3
4916,1
4917,1
4918,1
4919,1
4920,1
4921,1
4922,1
4923,1
4924,1
4925,1
4926,1
4927,1
4928,1
4929,1
4930,1
4931,1
4932,1
4933,1
4934,1
4935,1
4936,1
4937,1
4938,1
4939,1
4940,1
4941,1
4942,1
4943,3
4944,1
4945,1
4946,1
4947,1
4948,1
4949,1
4950,3
4951,1
4952,1
4953,1
4954,1
4955,1
4956,1
4957,1
4958,1
4959,1
4960,1
4961,1
4962,1
4963,1
4964,1
4965,1
4966,1
4967,1
4968,1
4969,1
4970,1
4971,1
4972,1
4973,1
4974,3
4975,1
4976,1
4977,1
4978,1
4979,1
4980,1
4981,1
4982,1
4983,1
4984,1
4985,1
4986,1
4987,1
4988,1
4989,1
4990,1
4991,1
4992,1
4993,1
4994,1
4995,1
4996,1
4997,1
4998,1
4999,1
5000,1
5001,1
5002,1
5003,1
5004,1
5005,1
5006,2
5007,2
5008,1
5009,1
5010,1
5011,1
5012,1
5013,1
5014,1
5015,1
5016,1
5017,1
5018,1
5019,1
5020,1
5021,1
5022,1
5023,1
5024,1
5025,1
5026,1
5027,1
5028,1
5029,1
5030,1
5031,1
5032,1
5033,1
5034,1
5035,1
5036,1
5037,1
5038,1
5039,1
5040,1
5041,1
5042,1
5043,1
5044,1
5045,1
5046,1
5047,2
5048,1
5049,1
5050,1
5051,1
5052,1
5053,1
5054,1
5055,1
5056,1
5057,1
5058,1
5059,1
5060,3
5061,1
5062,1
5063,1
5064,1
5065,1
5066,1
5067,1
5068,1
5069,1
5070,1
5071,1
5072,1
5073,2
5074,1
5075,1
5076,1
5077,1
5078,1
5079,1
5080,1
5081,1
5082,1
5083,1
5084,1
5085,1
5086,1
5087,1
5088,1
5089,1
5090,1
5091,1
5092,1
5093,1
5094,1
5095,1
5096,1
5097,1
5098,1
5099,1
5100,1
5101,1
5102,1
5103,1
5104,1
5105,1
5106,1
5107,1
5108,1
5109,1
5110,1
5111,1
5112,1
5113,1
5114,1
5115,1
5116,1
5117,1
5118,1
5119,1
5120,1
5121,1
5122,1
5123,1
5124,1
5125,1
5126,3
5127,1
5128,1
5129,1
5130,1
5131,1
5132,1
5133,1
5134,1
5135,1
5136,1
5137,1
5138,1
5139,1
5140,1
5141,1
5142,1
5143,1
5144,1
5145,1
5146,2
5147,1
5148,2
5149,1
5150,1
5151,1
5152,1
5153,1
5154,1
5155,1
5156,1
5157,1
5158,1
5159,2
5160,3
5161,1
5162,1
5163,1
5164,1
5165,1
5166,1
5167,1
5168,1
5169,1
5170,1
5171,1
5172,1
5173,1
5174,3
5175,1
5176,1
5177,1
5178,1
5179,1
5180,1
5181,1
5182,1
5183,1
5184,1
5185,1
5186,1
5187,0
5188,1
5189,1
5190,1
5191,1
5192,1
5193,1
5194,1
5195,1
5196,1
5197,1
5198,1
5199,1
5200,1
5201,1
5202,1
5203,1
5204,1
5205,1
5206,1
5207,1
5208,1
5209,1
5210,1
5211,1
5212,1
5213,1
5214,1
5215,1
5216,1
5217,1
5218,1
5219,1
5220,1
5221,3
5222,1
5223,1
5224,1
5225,1
5226,3
5227,1
5228,1
5229,1
5230,1
5231,1
5232,1
5233,1
5234,1
5235,1
5236,1
5237,1
5238,1
5239,1
5240,1
5241,1
5242,1
5243,3
5244,1
5245,1
5246,1
5247,1
5248,1
5249,1
5250,1
5251,1
5252,1
5253,1
5254,1
5255,1
5256,1
5257,1
5258,1
5259,1
5260,3
5261,1
5262,1
5263,1
5264,1
5265,1
5266,1
5267,1
5268,1
5269,1
5270,1
5271,1
5272,1
5273,1
5274,1
5275,1
5276,1
5277,1
5278,1
5279,1
5280,1
5281,1
5282,1
5283,1
5284,1
5285,1
5286,1
5287,1
5288,1
5289,1
5290,1
5291,1
5292,1
5293,1
5294,1
5295,1
5296,1
5297,1
5298,1
5299,1
5300,1
5301,1
5302,1
5303,1
5304,1
5305,1
5306,1
5307,1
5308,1
5309,1
5310,1
5311,1
5312,1
5313,1
5314,1
5315,2
5316,1
5317,1
5318,1
5319,3
5320,1
5321,1
5322,1
5323,1
5324,1
5325,1
5326,1
5327,1
5328,1
5329,1
5330,1
5331,1
5332,3
5333,1
5334,1
5335,1
5336,1
5337,3
5338,1
5339,1
5340,1
5341,1
5342,1
5343,1
5344,1
5345,1
5346,1
5347,1
5348,1
5349,1
5350,3
5351,1
5352,2
5353,1
5354,1
5355,1
5356,1
5357,1
5358,1
5359,1
5360,1
5361,1
5362,1
5363,1
5364,1
5365,1
5366,1
5367,1
5368,1
5369,1
5370,1
5371,1
5372,1
5373,1
5374,1
5375,1
5376,1
5377,1
5378,1
5379,1
5380,1
5381,1
5382,1
5383,1
5384,1
5385,1
5386,1
5387,1
5388,1
5389,1
5390,1
5391,3
5392,1
5393,1
5394,1
5395,1
5396,1
5397,1
5398,1
5399,1
5400,1
5401,1
5402,1
5403,1
5404,1
5405,1
5406,1
5407,1
5408,1
5409,1
5410,3
5411,1
5412,1
5413,1
5414,1
5415,3
5416,1
5417,1
5418,1
5419,1
5420,1
5421,1
5422,1
5423,1
5424,1
5425,1
5426,1
5427,1
5428,1
5429,1
5430,1
5431,1
5432,1
5433,2
5434,1
5435,1
5436,1
5437,1
5438,1
5439,1
5440,1
5441,1
5442,1
5443,1
5444,1
5445,1
5446,1
5447,1
5448,1
5449,1
5450,1
5451,1
5452,1
5453,1
5454,1
5455,1
5456,3
5457,1
5458,1
5459,1
5460,1
5461,1
5462,1
5463,1
5464,3
5465,1
5466,1
5467,1
5468,1
5469,1
5470,1
5471,1
5472,1
5473,1
5474,1
5475,3
5476,1
5477,1
5478,1
5479,1
5480,1
5481,1
5482,1
5483,1
5484,1
5485,1
5486,3
5487,1
5488,3
5489,1
5490,1
5491,1
5492,1
5493,1
5494,1
5495,1
5496,1
5497,1
5498,1
5499,1
5500,1
5501,3
5502,1
5503,1
5504,1
5505,1
5506,1
5507,1
5508,2
5509,1
5510,1
5511,1
5512,1
5513,1
5514,1
5515,1
5516,1
5517,1
5518,1
5519,1
5520,1
5521,1
5522,2
5523,1
5524,1
5525,1
5526,1
5527,1
5528,1
5529,1
5530,1
5531,1
5532,1
5533,1
5534,1
5535,1
5536,1
5537,1
5538,1
5539,3
5540,3
5541,1
5542,1
5543,1
5544,1
5545,1
5546,1
5547,1
5548,1
5549,1
5550,1
5551,1
5552,1
5553,1
5554,1
5555,1
5556,1
5557,1
5558,1
5559,1
5560,1
5561,1
5562,1
5563,1
5564,1
5565,1
5566,1
5567,1
5568,1
5569,1
5570,1
5571,1
5572,1
5573,1
5574,1
5575,1
5576,1
5577,1
5578,3
5579,1
5580,1
5581,1
5582,1
5583,1
5584,1
5585,1
5586,1
5587,1
5588,1
5589,1
5590,3
5591,1
5592,1
5593,1
5594,1
5595,1
5596,1
5597,1
5598,1
5599,1
5600,1
5601,1
5602,1
5603,1
5604,3
5605,1
5606,1
5607,1
5608,1
5609,1
5610,1
5611,1
5612,1
5613,1
5614,1
5615,1
5616,1
5617,1
5618,1
5619,1
5620,1
5621,1
5622,1
5623,1
5624,1
5625,1
5626,1
5627,1
5628,1
5629,1
5630,1
5631,1
5632,1
5633,1
5634,1
5635,1
5636,1
5637,1
5638,1
5639,1
5640,1
5641,1
5642,1
5643,1
5644,1
5645,1
5646,1
5647,1
5648,1
5649,1
5650,1
5651,1
5652,1
5653,1
5654,1
5655,1
5656,1
5657,1
5658,1
5659,1
5660,1
5661,1
5662,1
5663,1
5664,1
5665,1
5666,1
5667,1
5668,1
5669,1
5670,1
5671,1
5672,1
5673,1
5674,1
5675,1
5676,3
5677,1
5678,1
5679,1
5680,1
5681,1
5682,1
5683,1
5684,1
5685,1
5686,3
5687,1
5688,1
5689,1
5690,1
5691,1
5692,1
5693,1
5694,1
5695,1
5696,1
5697,1
5698,1
5699,1
5700,1
5701,1
5702,1
5703,3
5704,1
5705,1
5706,1
5707,1
5708,1
5709,1
5710,1
5711,1
5712,1
5713,1
5714,1
5715,3
5716,1
5717,1
5718,1
5719,1
5720,1
5721,1
5722,1
5723,1
5724,1
5725,1
5726,2
5727,1
5728,1
5729,1
5730,1
5731,1
5732,1
5733,1
5734,1
5735,1
5736,1
5737,1
5738,1
5739,1
5740,1
5741,1
5742,1
5743,1
5744,1
5745,3
5746,1
5747,1
5748,1
5749,1
5750,1
5751,1
5752,1
5753,1
5754,1
5755,1
5756,1
5757,3
5758,2
5759,3
5760,1
5761,1
5762,1
5763,1
5764,1
5765,1
5766,1
5767,1
5768,1
5769,1
5770,1
5771,1
5772,1
5773,1
5774,1
5775,1
5776,1
5777,1
5778,1
5779,1
5780,1
5781,1
5782,3
5783,1
5784,1
5785,1
5786,1
5787,1
5788,1
5789,1
5790,1
5791,1
5792,1
5793,1
5794,1
5795,1
5796,1
5797,1
5798,1
5799,1
5800,1
5801,1
5802,1
5803,1
5804,1
5805,1
5806,1
5807,1
5808,1
5809,1
5810,1
5811,1
5812,1
5813,1
5814,1
5815,1
5816,1
5817,1
5818,1
5819,1
5820,1
5821,1
5822,1
5823,1
5824,1
5825,1
5826,1
5827,1
5828,1
5829,1
5830,1
5831,1
5832,1
5833,1
5834,1
5835,1
5836,1
5837,1
5838,1
5839,1
5840,1
5841,1
5842,1
5843,1
5844,1
5845,2
5846,1
5847,1
5848,1
5849,1
5850,1
5851,1
5852,1
5853,1
5854,1
5855,1
5856,1
5857,1
5858,3
5859,1
5860,1
5861,1
5862,1
5863,1
5864,1
5865,1
5866,1
5867,1
5868,1
5869,1
5870,1
5871,1
5872,1
5873,1
5874,1
5875,1
5876,1
5877,1
5878,1
5879,1
5880,1
5881,1
5882,1
5883,1
5884,1
5885,1
5886,1
5887,1
5888,1
5889,1
5890,1
5891,1
5892,3
5893,1
5894,1
5895,1
5896,1
5897,1
5898,1
5899,1
5900,1
5901,1
5902,1
5903,1
5904,1
5905,1
5906,1
5907,1
5908,1
5909,1
5910,1
5911,1
5912,1
5913,1
5914,1
5915,1
5916,1
5917,1
5918,1
5919,1
5920,1
5921,1
5922,1
5923,1
5924,1
5925,1
5926,1
5927,1
5928,1
5929,1
5930,1
5931,1
5932,1
5933,1
5934,1
5935,1
5936,1
5937,1
5938,1
5939,1
5940,1
5941,1
5942,1
5943,1
5944,1
5945,1
5946,1
5947,1
5948,1
5949,1
5950,1
5951,1
5952,1
5953,1
5954,1
5955,1
5956,1
5957,1
5958,1
5959,1
5960,1
5961,1
5962,1
5963,1
5964,1
5965,1
5966,1
5967,1
5968,1
5969,1
5970,1
5971,1
5972,1
5973,1
5974,1
5975,1
5976,1
5977,1
5978,1
5979,1
5980,1
5981,1
5982,1
5983,1
5984,1
5985,1
5986,1
5987,1
5988,1
5989,1
5990,1
5991,1
5992,1
5993,1
5994,1
5995,1
5996,1
5997,1
5998,1
5999,1
6000,1
6001,1
6002,1
6003,1
6004,1
6005,1
6006,1
6007,1
6008,1
6009,1
6010,1
6011,1
6012,1
6013,1
6014,1
6015,1
6016,1
6017,1
6018,1
6019,1
6020,1
6021,1
6022,1
6023,1
6024,1
6025,1
6026,1
6027,1
6028,1
6029,1
6030,1
6031,1
6032,1
6033,1
6034,1
6035,1
6036,1
6037,1
6038,1
6039,1
6040,1
6041,1
6042,1
6043,1
6044,1
6045,1
6046,1
6047,1
6048,1
6049,1
6050,1
6051,1
6052,1
6053,1
6054,1
6055,1
6056,1
6057,1
6058,1
6059,1
6060,1
6061,1
6062,1
6063,1
6064,1
6065,1
6066,1
6067,1
6068,1
6069,1
6070,1
6071,1
6072,1
6073,1
6074,1
6075,1
6076,1
6077,1
6078,1
6079,1
6080,1
6081,1
6082,1
6083,1
6084,1
6085,1
6086,1
6087,1
6088,1
6089,1
6090,1
6091,1
6092,1
6093,1
6094,1
6095,1
6096,1
6097,1
6098,1
6099,1
6100,1
6101,1
6102,1
6103,1
6104,1
6105,1
6106,1
6107,1
6108,1
6109,1
6110,1
6111,1
6112,1
6113,1
6114,1
6115,1
6116,1
6117,1
6118,1
6119,1
6120,1
6121,1
6122,1
6123,1
6124,1
6125,1
6126,1
6127,1
6128,1
6129,1
6130,1
6131,1
6132,1
6133,1
6134,1
6135,1
6136,1
6137,1
6138,1
6139,1
6140,1
6141,1
6142,1
6143,1
6144,1
6145,1
6146,1
6147,1
6148,1
6149,1
6150,1
6151,1
6152,1
6153,1
6154,1
6155,1
6156,1
6157,1
6158,1
6159,1
6160,1
6161,1
6162,1
6163,1
6164,3
6165,3
6166,3
6167,3
6168,3
6169,3
6170,3
6171,2
6172,3
6173,3
6174,3
6175,3
6176,3
6177,3
6178,3
6179,3
6180,3
6181,3
6182,3
6183,3
6184,3
6185,2
6186,3
6187,3
6188,3
6189,3
6190,3
6191,3
6192,3
6193,3
6194,3
6195,3
6196,3
6197,3
6198,3
6199,3
6200,3
6201,3
6202,3
6203,3
6204,3
6205,3
6206,3
6207,3
6208,3
6209,3
6210,3
6211,3
6212,3
6213,3
6214,3
6215,3
6216,3
6217,3
6218,3
6219,3
6220,3
6221,3
6222,3
6223,3
6224,3
6225,3
6226,3
6227,3
6228,3
6229,3
6230,3
6231,3
6232,3
6233,3
6234,3
6235,3
6236,3
6237,3
6238,3
6239,3
6240,3
6241,3
6242,3
6243,3
6244,3
6245,3
6246,3
6247,3
6248,3
6249,3
6250,3
6251,3
6252,3
6253,3
6254,3
6255,3
6256,3
6257,3
6258,3
6259,3
6260,3
6261,3
6262,3
6263,3
6264,3
6265,3
6266,3
6267,3
6268,3
6269,3
6270,3
6271,3
6272,3
6273,3
6274,3
6275,3
6276,3
6277,3
6278,3
6279,3
6280,3
6281,3
6282,3
6283,3
6284,3
6285,3
6286,3
6287,3
6288,3
6289,3
6290,3
6291,3
6292,3
6293,3
6294,3
6295,3
6296,3
6297,3
6298,3
6299,3
6300,3
6301,3
6302,3
6303,3
6304,3
6305,3
6306,3
6307,3
6308,3
6309,0
6310,3
6311,3
6312,2
6313,3
6314,3
6315,3
6316,3
6317,3
6318,3
6319,3
6320,3
6321,3
6322,3
6323,3
6324,3
6325,3
6326,3
6327,3
6328,3
6329,3
6330,3
6331,3
6332,3
6333,3
6334,3
6335,3
6336,3
6337,3
6338,3
6339,3
6340,3
6341,3
6342,3
6343,3
6344,3
6345,3
6346,3
6347,3
6348,3
6349,3
6350,3
6351,3
6352,3
6353,3
6354,3
6355,3
6356,3
6357,3
6358,3
6359,3
6360,3
6361,3
6362,3
6363,3
6364,3
6365,3
6366,3
6367,3
6368,3
6369,3
6370,3
6371,3
6372,3
6373,3
6374,3
6375,3
6376,3
6377,3
6378,3
6379,3
6380,3
6381,3
6382,3
6383,3
6384,3
6385,3
6386,3
6387,3
6388,3
6389,3
6390,3
6391,3
6392,3
6393,3
6394,3
6395,3
6396,3
6397,3
6398,3
6399,3
6400,3
6401,3
6402,3
6403,3
6404,3
6405,3
6406,3
6407,3
6408,3
6409,3
6410,3
6411,3
6412,3
6413,3
6414,3
6415,3
6416,3
6417,3
6418,3
6419,3
6420,3
6421,3
6422,3
6423,3
6424,3
6425,3
6426,3
6427,3
6428,3
6429,3
6430,3
6431,3
6432,3
6433,3
6434,3
6435,3
6436,3
6437,3
6438,3
6439,3
6440,3
6441,3
6442,3
6443,3
6444,3
6445,3
6446,3
6447,3
6448,3
6449,3
6450,3
6451,3
6452,3
6453,3
6454,3
6455,3
6456,3
6457,3
6458,3
6459,3
6460,3
6461,3
6462,3
6463,3
6464,3
6465,3
6466,3
6467,3
6468,3
6469,3
6470,3
6471,3
6472,3
6473,3
6474,3
6475,3
6476,3
6477,3
6478,3
6479,3
6480,3
6481,3
6482,3
6483,3
6484,3
6485,3
6486,3
6487,3
6488,3
6489,3
6490,3
6491,3
6492,3
6493,3
6494,3
6495,3
6496,3
6497,2
6498,3
6499,3
6500,3
6501,3
6502,3
6503,3
6504,3
6505,3
6506,3
6507,3
6508,3
6509,3
6510,3
6511,3
6512,3
6513,3
6514,3
6515,3
6516,3
6517,3
6518,3
6519,3
6520,3
6521,3
6522,3
6523,3
6524,3
6525,3
6526,3
6527,3
6528,3
6529,3
6530,3
6531,3
6532,3
6533,3
6534,3
6535,3
6536,3
6537,3
6538,3
6539,3
6540,3
6541,3
6542,3
6543,3
6544,3
6545,2
6546,3
6547,3
6548,3
6549,3
6550,3
6551,3
6552,3
6553,3
6554,3
6555,3
6556,3
6557,3
6558,3
6559,3
6560,3
6561,3
6562,3
6563,3
6564,3
6565,3
6566,3
6567,3
6568,3
6569,3
6570,3
6571,3
6572,3
6573,3
6574,3
6575,3
6576,3
6577,3
6578,3
6579,3
6580,3
6581,3
6582,3
6583,2
6584,3
6585,0
6586,3
6587,3
6588,3
6589,3
6590,3
6591,3
6592,3
6593,3
6594,3
6595,3
6596,3
6597,3
6598,3
6599,3
6600,3
6601,3
6602,3
6603,3
6604,3
6605,3
6606,3
6607,3
6608,3
6609,3
6610,3
6611,3
6612,3
6613,3
6614,2
6615,3
6616,3
6617,3
6618,3
6619,3
6620,3
6621,3
6622,3
6623,3
6624,3
6625,3
6626,3
6627,3
6628,3
6629,3
6630,3
6631,3
6632,3
6633,3
6634,3
6635,3
6636,3
6637,3
6638,3
6639,3
6640,3
6641,3
6642,3
6643,3
6644,3
6645,3
6646,3
6647,3
6648,3
6649,3
6650,3
6651,3
6652,3
6653,3
6654,3
6655,3
6656,3
6657,3
6658,3
6659,3
6660,3
6661,3
6662,3
6663,3
6664,3
6665,3
6666,3
6667,3
6668,3
6669,3
6670,3
6671,3
6672,3
6673,3
6674,3
6675,3
6676,3
6677,3
6678,3
6679,3
6680,3
6681,3
6682,3
6683,3
6684,3
6685,3
6686,3
6687,3
6688,3
6689,3
6690,3
6691,3
6692,3
6693,3
6694,3
6695,3
6696,3
6697,3
6698,3
6699,3
6700,3
6701,3
6702,3
6703,3
6704,3
6705,3
6706,3
6707,3
6708,3
6709,3
6710,3
6711,3
6712,3
6713,3
6714,2
6715,3
6716,3
6717,3
6718,3
6719,3
6720,3
6721,3
6722,3
6723,3
6724,3
6725,3
6726,3
6727,3
6728,3
6729,3
6730,3
6731,3
6732,3
6733,3
6734,3
6735,3
6736,3
6737,3
6738,3
6739,3
6740,3
6741,3
6742,3
6743,3
6744,3
6745,3
6746,3
6747,3
6748,3
6749,3
6750,3
6751,3
6752,3
6753,3
6754,3
6755,3
6756,3
6757,3
6758,3
6759,3
6760,3
6761,3
6762,3
6763,2
6764,3
6765,3
6766,3
6767,3
6768,3
6769,3
6770,3
6771,3
6772,3
6773,3
6774,3
6775,3
6776,3
6777,3
6778,3
6779,3
6780,3
6781,3
6782,3
6783,3
6784,3
6785,3
6786,3
6787,3
6788,3
6789,3
6790,3
6791,3
6792,3
6793,3
6794,3
6795,3
6796,3
6797,3
6798,3
6799,3
6800,3
6801,3
6802,3
6803,3
6804,3
6805,3
6806,3
6807,3
6808,3
6809,3
6810,3
6811,3
6812,3
6813,3
6814,3
6815,3
6816,3
6817,3
6818,3
6819,3
6820,3
6821,3
6822,3
6823,3
6824,3
6825,3
6826,3
6827,3
6828,3
6829,3
6830,3
6831,3
6832,3
6833,3
6834,3
6835,1
6836,3
6837,3
6838,3
6839,3
6840,3
6841,3
6842,3
6843,3
6844,3
6845,3
6846,3
6847,3
6848,3
6849,3
6850,3
6851,3
6852,3
6853,3
6854,3
6855,3
6856,3
6857,3
6858,3
6859,3
6860,3
6861,3
6862,3
6863,3
6864,3
6865,3
6866,3
6867,3
6868,3
6869,3
6870,3
6871,3
6872,3
6873,3
6874,3
6875,3
6876,3
6877,3
6878,3
6879,3
6880,3
6881,3
6882,3
6883,3
6884,3
6885,3
6886,3
6887,3
6888,3
6889,3
6890,3
6891,3
6892,3
6893,3
6894,3
6895,3
6896,3
6897,3
6898,3
6899,3
6900,3
6901,3
6902,3
6903,3
6904,2
6905,3
6906,3
6907,3
6908,3
6909,3
6910,3
6911,3
6912,3
6913,3
6914,3
6915,3
6916,3
6917,3
6918,3
6919,3
6920,3
6921,3
6922,3
6923,3
6924,3
6925,3
6926,3
6927,3
6928,3
6929,3
6930,3
6931,3
6932,3
6933,3
6934,3
6935,3
6936,3
6937,3
6938,3
6939,3
6940,3
6941,3
6942,3
6943,3
6944,3
6945,3
6946,3
6947,3
6948,3
6949,3
6950,3
6951,3
6952,3
6953,3
6954,3
6955,3
6956,3
6957,3
6958,3
6959,3
6960,3
6961,3
6962,3
6963,3
6964,3
6965,3
6966,3
6967,3
6968,3
6969,3
6970,3
6971,3
6972,3
6973,3
6974,3
6975,3
6976,3
6977,3
6978,3
6979,3
6980,3
6981,3
6982,3
6983,3
6984,3
6985,3
6986,3
6987,3
6988,3
6989,3
6990,3
6991,3
6992,3
6993,3
6994,3
6995,3
6996,3
6997,3
6998,3
6999,3
7000,3
7001,3
7002,3
7003,3
7004,3
7005,3
7006,3
7007,3
7008,3
7009,3
7010,3
7011,3
7012,3
7013,3
7014,3
7015,3
7016,3
7017,3
7018,3
7019,3
7020,3
7021,3
7022,3
7023,3
7024,3
7025,3
7026,3
7027,3
7028,3
7029,3
7030,3
7031,3
7032,3
7033,2
7034,3
7035,3
7036,3
7037,3
7038,3
7039,3
7040,3
7041,3
7042,3
7043,3
7044,3
7045,3
7046,3
7047,3
7048,3
7049,3
7050,3
7051,3
7052,3
7053,3
7054,3
7055,3
7056,3
7057,3
7058,3
7059,3
7060,3
7061,3
7062,3
7063,3
7064,3
7065,3
7066,3
7067,3
7068,3
7069,3
7070,3
7071,3
7072,3
7073,3
7074,3
7075,3
7076,3
7077,3
7078,3
7079,3
7080,3
7081,3
7082,3
7083,3
7084,3
7085,3
7086,3
7087,3
7088,3
7089,3
7090,3
7091,2
7092,3
7093,3
7094,3
7095,3
7096,3
7097,3
7098,3
7099,3
7100,3
7101,3
7102,3
7103,3
7104,3
7105,3
7106,3
7107,3
7108,3
7109,3
7110,3
7111,3
7112,3
7113,3
7114,3
7115,3
7116,3
7117,3
7118,3
7119,3
7120,3
7121,3
7122,3
7123,3
7124,3
7125,3
7126,3
7127,3
7128,3
7129,3
7130,3
7131,3
7132,3
7133,3
7134,3
7135,3
7136,3
7137,3
7138,3
7139,3
7140,3
7141,3
7142,3
7143,3
7144,3
7145,3
7146,3
7147,3
7148,3
7149,3
7150,3
7151,3
7152,3
7153,3
7154,3
7155,3
7156,3
7157,3
7158,3
7159,3
7160,3
7161,3
7162,2
7163,3
7164,3
7165,3
7166,2
7167,3
7168,3
7169,3
7170,3
7171,3
7172,3
7173,3
7174,3
7175,3
7176,3
7177,3
7178,3
7179,3
7180,3
7181,3
7182,3
7183,3
7184,3
7185,3
7186,3
7187,3
7188,3
7189,3
7190,3
7191,3
7192,3
7193,3
7194,3
7195,3
7196,3
7197,3
7198,3
7199,3
7200,3
7201,3
7202,3
7203,3
7204,3
7205,3
7206,3
7207,3
7208,3
7209,3
7210,3
7211,3
7212,3
7213,3
7214,3
7215,3
7216,3
7217,3
7218,3
7219,3
7220,3
7221,3
7222,3
7223,3
7224,3
7225,3
7226,3
7227,3
7228,3
7229,3
7230,3
7231,3
7232,3
7233,3
7234,3
7235,3
7236,3
7237,3
7238,3
7239,3
7240,3
7241,3
7242,3
7243,3
7244,3
7245,3
7246,3
7247,3
7248,3
7249,3
7250,3
7251,3
7252,3
7253,3
7254,3
7255,3
7256,3
7257,3
7258,3
7259,3
7260,3
7261,3
7262,3
7263,3
7264,3
7265,3
7266,3
7267,3
7268,3
7269,3
7270,3
7271,3
7272,3
7273,3
7274,3
7275,3
7276,3
7277,3
7278,3
7279,3
7280,3
7281,3
7282,3
7283,3
7284,3
7285,3
7286,3
7287,3
7288,3
7289,3
7290,3
7291,3
7292,3
7293,3
7294,3
7295,3
7296,3
7297,3
7298,3
7299,3
7300,3
7301,3
7302,3
7303,3
7304,3
7305,3
7306,3
7307,3
7308,3
7309,3
7310,3
7311,3
7312,3
7313,3
7314,3
7315,3
7316,3
7317,3
7318,3
7319,3
7320,3
7321,3
7322,3
7323,3
7324,3
7325,3
7326,3
7327,3
7328,3
7329,3
7330,3
7331,3
7332,3
7333,3
7334,3
7335,3
7336,3
7337,3
7338,3
7339,3
7340,3
7341,3
7342,3
7343,3
7344,3
7345,3
7346,3
7347,3
7348,3
7349,3
7350,3
7351,3
7352,3
7353,3
7354,3
7355,3
7356,3
7357,3
7358,3
7359,3
7360,3
7361,2
7362,3
7363,3
7364,3
7365,3
7366,3
7367,3
7368,3
7369,3
7370,3
7371,3
7372,3
7373,3
7374,3
7375,3
7376,3
7377,3
7378,3
7379,3
7380,3
7381,3
7382,3
7383,3
7384,3
7385,3
7386,3
7387,3
7388,3
7389,3
7390,2
7391,3
7392,3
7393,3
7394,3
7395,3
7396,3
7397,3
7398,3
7399,3
7400,3
7401,3
7402,3
7403,3
7404,3
7405,3
7406,3
7407,3
7408,3
7409,3
7410,3
7411,3
7412,3
7413,3
7414,3
7415,3
7416,3
7417,3
7418,3
7419,3
7420,3
7421,3
7422,3
7423,3
7424,3
7425,3
7426,3
7427,3
7428,3
7429,3
7430,3
7431,3
7432,3
7433,3
7434,3
7435,3
7436,3
7437,3
7438,3
7439,3
7440,3
7441,3
7442,3
7443,3
7444,3
7445,3
7446,3
7447,3
7448,3
7449,3
7450,3
7451,3
7452,3
7453,3
7454,3
7455,3
7456,3
7457,3
7458,3
7459,3
7460,3
7461,3
7462,3
7463,3
7464,3
7465,3
7466,3
7467,3
7468,3
7469,3
7470,3
7471,3
7472,3
7473,3
7474,3
7475,3
7476,3
7477,3
7478,3
7479,3
7480,3
7481,3
7482,3
7483,3
7484,3
7485,3
7486,3
7487,3
7488,3
7489,3
7490,3
7491,3
7492,3
7493,3
7494,3
7495,2
7496,3
7497,3
7498,3
7499,3
7500,3
7501,3
7502,3
7503,3
7504,3
7505,3
7506,3
7507,3
7508,3
7509,3
7510,3
7511,3
7512,3
7513,3
7514,3
7515,2
7516,3
7517,3
7518,2
7519,3
7520,3
7521,3
7522,3
7523,3
7524,3
7525,3
7526,3
7527,3
7528,3
7529,3
7530,2
7531,3
7532,3
7533,3
7534,3
7535,3
7536,3
7537,3
7538,3
7539,3
7540,3
7541,3
7542,3
7543,3
7544,3
7545,3
7546,3
7547,3
7548,2
7549,3
7550,3
7551,3
7552,3
7553,3
7554,3
7555,3
7556,3
7557,3
7558,3
7559,3
7560,3
7561,3
7562,3
7563,3
7564,3
7565,3
7566,3
7567,3
7568,3
7569,3
7570,3
7571,3
7572,3
7573,3
7574,3
7575,3
7576,3
7577,3
7578,3
7579,3
7580,3
7581,3
7582,2
7583,3
7584,3
7585,3
7586,3
7587,3
7588,3
7589,3
7590,3
7591,3
7592,3
7593,3
7594,3
7595,3
7596,3
7597,3
7598,3
7599,3
7600,3
7601,3
7602,3
7603,3
7604,3
7605,3
7606,3
7607,3
7608,3
7609,3
7610,3
7611,3
7612,3
7613,3
7614,3
7615,3
7616,3
7617,3
7618,3
7619,3
7620,3
7621,3
7622,3
7623,3
7624,3
7625,3
7626,3
7627,3
7628,3
7629,3
7630,3
7631,3
7632,3
7633,3
7634,3
7635,2
7636,3
7637,3
7638,3
7639,3
7640,3
7641,3
7642,3
7643,3
7644,3
7645,3
7646,3
7647,3
7648,3
7649,3
7650,3
7651,3
7652,3
7653,3
7654,3
7655,3
7656,3
7657,3
7658,3
7659,3
7660,3
7661,3
7662,3
7663,3
7664,3
7665,3
7666,3
7667,3
7668,3
7669,3
7670,3
7671,3
7672,3
7673,3
7674,3
7675,3
7676,3
7677,3
7678,3
7679,3
7680,3
7681,3
7682,3
7683,3
7684,3
7685,3
7686,3
7687,3
7688,3
7689,3
7690,3
7691,3
7692,3
7693,3
7694,3
7695,3
7696,3
7697,3
7698,3
7699,3
7700,3
7701,3
7702,3
7703,3
7704,3
7705,3
7706,3
7707,3
7708,3
7709,3
7710,3
7711,3
7712,3
7713,3
7714,3
7715,3
7716,3
7717,3
7718,3
7719,3
7720,3
7721,3
7722,3
7723,3
7724,3
7725,3
7726,3
7727,3
7728,3
7729,3
7730,3
7731,3
7732,3
7733,3
7734,3
7735,3
7736,3
7737,3
7738,3
7739,3
7740,3
7741,3
7742,3
7743,3
7744,3
7745,3
7746,3
7747,3
7748,3
7749,3
7750,3
7751,3
7752,3
7753,3
7754,3
7755,3
7756,3
7757,3
7758,3
7759,0
7760,3
7761,3
7762,3
7763,3
7764,3
7765,3
7766,3
7767,3
7768,3
7769,3
7770,3
7771,3
7772,3
7773,3
7774,3
7775,2
7776,3
7777,3
7778,3
7779,3
7780,3
7781,3
7782,3
7783,3
7784,3
7785,3
7786,3
7787,3
7788,3
7789,3
7790,3
7791,3
7792,3
7793,3
7794,3
7795,3
7796,3
7797,3
7798,3
7799,3
7800,3
7801,3
7802,3
7803,3
7804,3
7805,3
7806,3
7807,3
7808,3
7809,3
7810,3
7811,3
7812,3
7813,3
7814,3
7815,3
7816,3
7817,3
7818,3
7819,3
7820,3
7821,3
7822,3
7823,3
7824,3
7825,3
7826,3
7827,3
7828,3
7829,3
7830,2
7831,3
7832,3
7833,3
7834,3
7835,3
7836,3
7837,3
7838,3
7839,3
7840,3
7841,3
7842,3
7843,3
7844,3
7845,3
7846,3
7847,3
7848,3
7849,3
7850,3
7851,3
7852,3
7853,3
7854,3
7855,3
7856,3
7857,3
7858,3
7859,3
7860,3
7861,3
7862,3
7863,3
7864,3
7865,3
7866,3
7867,3
7868,3
7869,3
7870,3
7871,3
7872,3
7873,2
7874,3
7875,3
7876,3
7877,3
7878,3
7879,3
7880,3
7881,3
7882,3
7883,3
7884,3
7885,2
7886,3
7887,3
7888,3
7889,3
7890,3
7891,3
7892,3
7893,3
7894,3
7895,3
7896,3
7897,3
7898,3
7899,3
7900,3
7901,3
7902,3
7903,3
7904,3
7905,3
7906,3
7907,3
7908,3
7909,3
7910,3
7911,3
7912,3
7913,3
7914,3
7915,3
7916,3
7917,3
7918,3
7919,3
7920,3
7921,3
7922,3
7923,3
7924,3
7925,3
7926,3
7927,3
7928,3
7929,3
7930,3
7931,3
7932,3
7933,3
7934,3
7935,3
7936,3
7937,3
7938,3
7939,3
7940,2
7941,3
7942,3
7943,3
7944,3
7945,3
7946,3
7947,3
7948,3
7949,3
7950,3
7951,3
7952,3
7953,3
7954,3
7955,3
7956,3
7957,3
7958,3
7959,3
7960,3
7961,3
7962,3
7963,3
7964,3
7965,3
7966,3
7967,3
7968,3
7969,3
7970,3
7971,3
7972,3
7973,3
7974,3
7975,3
7976,3
7977,3
7978,3
7979,3
7980,3
7981,3
7982,3
7983,3
7984,3
7985,3
7986,3
7987,3
7988,3
7989,3
7990,3
7991,3
7992,3
7993,3
7994,3
7995,3
7996,3
7997,3
7998,3
7999,3
8000,3
8001,3
8002,3
8003,3
8004,3
8005,3
8006,3
8007,2
8008,3
8009,3
8010,3
8011,3
8012,3
8013,3
8014,3
8015,3
8016,3
8017,3
8018,3
8019,3
8020,3
8021,3
8022,3
8023,3
8024,3
8025,3
8026,3
8027,3
8028,3
8029,3
8030,3
8031,3
8032,3
8033,3
8034,3
8035,3
8036,3
8037,3
8038,3
8039,3
8040,3
8041,3
8042,3
8043,3
8044,3
8045,3
8046,3
8047,3
8048,3
8049,3
8050,3
8051,3
8052,3
8053,3
8054,3
8055,3
8056,3
8057,3
8058,3
8059,3
8060,3
8061,3
8062,3
8063,3
8064,3
8065,3
8066,3
8067,3
8068,3
8069,3
8070,3
8071,3
8072,3
8073,3
8074,3
8075,3
8076,3
8077,3
8078,3
8079,3
8080,3
8081,3
8082,3
8083,3
8084,3
8085,3
8086,3
8087,3
8088,3
8089,3
8090,3
8091,3
8092,3
8093,3
8094,3
8095,3
8096,2
8097,3
8098,3
8099,3
8100,3
8101,3
8102,3
8103,3
8104,3
8105,3
8106,3
8107,3
8108,3
8109,3
8110,3
8111,3
8112,3
8113,3
8114,3
8115,3
8116,2
8117,3
8118,1
8119,3
8120,3
8121,3
8122,3
8123,3
8124,3
8125,3
8126,3
8127,3
8128,2
8129,3
8130,3
8131,3
8132,3
8133,3
8134,3
8135,3
8136,2
8137,3
8138,3
8139,3
8140,3
8141,3
8142,3
8143,2
8144,3
8145,3
8146,3
8147,3
8148,3
8149,3
8150,3
8151,3
8152,3
8153,3
8154,3
8155,3
8156,3
8157,3
8158,3
8159,1
8160,3
8161,3
8162,3
8163,3
8164,3
8165,3
8166,3
8167,3
8168,3
8169,3
8170,3
8171,3
8172,3
8173,3
8174,3
8175,3
8176,3
8177,3
8178,3
8179,3
8180,3
8181,3
8182,3
8183,3
8184,3
8185,3
8186,3
8187,3
8188,3
8189,3
8190,3
8191,3
8192,3
8193,3
8194,3
8195,3
8196,3
8197,3
8198,3
8199,3
8200,3
8201,2
8202,3
8203,3
8204,3
8205,3
8206,3
8207,3
8208,3
8209,3
8210,3
8211,3
8212,3
8213,3
8214,3
8215,3
8216,3
8217,3
8218,3
8219,3
8220,3
8221,3
8222,3
8223,3
8224,3
8225,3
8226,3
8227,3
8228,3
8229,3
8230,3
8231,3
8232,3
8233,3
8234,3
8235,3
8236,3
8237,3
8238,3
8239,3
8240,3
8241,3
8242,3
8243,3
8244,3
8245,3
8246,3
8247,3
8248,3
8249,3
8250,3
8251,3
8252,3
8253,3
8254,3
8255,3
8256,3
8257,3
8258,3
8259,3
8260,3
8261,3
8262,3
8263,3
8264,3
8265,3
8266,3
8267,3
8268,3
8269,3
8270,3
8271,3
8272,3
8273,3
8274,3
8275,3
8276,3
8277,3
8278,3
8279,3
8280,3
8281,3
8282,3
8283,3
8284,2
8285,3
8286,3
8287,3
8288,3
8289,3
8290,3
8291,3
8292,3
8293,3
8294,3
8295,3
8296,3
8297,3
8298,3
8299,3
8300,3
8301,3
8302,3
8303,3
8304,3
8305,3
8306,3
8307,3
8308,3
8309,3
8310,3
8311,3
8312,3
8313,3
8314,3
8315,3
8316,3
8317,3
8318,3
8319,3
8320,3
8321,3
8322,3
8323,3
8324,3
8325,3
8326,3
8327,3
8328,3
8329,3
8330,3
8331,3
8332,3
8333,3
8334,3
8335,3
8336,3
8337,3
8338,3
8339,3
8340,3
8341,3
8342,3
8343,3
8344,3
8345,3
8346,3
8347,3
8348,3
8349,3
8350,1
8351,3
8352,3
8353,3
8354,3
8355,3
8356,3
8357,3
8358,3
8359,3
8360,3
8361,3
8362,3
8363,3
8364,3
8365,3
8366,3
8367,3
8368,3
8369,3
8370,3
8371,3
8372,3
8373,3
8374,3
8375,3
8376,3
8377,3
8378,3
8379,3
8380,3
8381,3
8382,3
8383,3
8384,3
8385,3
8386,3
8387,3
8388,3
8389,3
8390,3
8391,3
8392,3
8393,3
8394,3
8395,3
8396,3
8397,3
8398,3
8399,3
8400,3
8401,3
8402,3
8403,3
8404,3
8405,3
8406,3
8407,3
8408,2
8409,3
8410,3
8411,3
8412,3
8413,3
8414,3
8415,3
8416,3
8417,3
8418,3
8419,3
8420,3
8421,3
8422,3
8423,3
8424,3
8425,3
8426,3
8427,3
8428,3
8429,3
8430,3
8431,3
8432,3
8433,3
8434,3
8435,3
8436,3
8437,3
8438,3
8439,3
8440,3
8441,3
8442,3
8443,3
8444,3
8445,3
8446,3
8447,3
8448,3
8449,3
8450,3
8451,3
8452,3
8453,3
8454,3
8455,3
8456,3
8457,3
8458,3
8459,3
8460,3
8461,3
8462,3
8463,3
8464,3
8465,3
8466,3
8467,3
8468,3
8469,3
8470,3
8471,3
8472,3
8473,3
8474,3
8475,3
8476,3
8477,3
8478,3
8479,3
8480,3
8481,3
8482,3
8483,3
8484,3
8485,3
8486,3
8487,3
8488,3
8489,3
8490,3
8491,3
8492,3
8493,3
8494,3
8495,3
8496,3
8497,3
8498,3
8499,3
8500,3
8501,3
8502,3
8503,3
8504,3
8505,3
8506,3
8507,3
8508,3
8509,3
8510,3
8511,3
8512,3
8513,3
8514,3
8515,3
8516,3
8517,3
8518,3
8519,3
8520,3
8521,3
8522,3
8523,3
8524,3
8525,3
8526,3
8527,3
8528,3
8529,3
8530,3
8531,3
8532,3
8533,3
8534,3
8535,3
8536,3
8537,3
8538,3
8539,3
8540,3
8541,3
8542,3
8543,3
8544,3
8545,3
8546,3
8547,3
8548,3
8549,3
8550,3
8551,3
8552,3
8553,3
8554,3
8555,3
8556,3
8557,3
8558,3
8559,3
8560,3
8561,3
8562,3
8563,3
8564,3
8565,3
8566,3
8567,3
8568,2
8569,3
8570,3
8571,3
8572,3
8573,3
8574,3
8575,3
8576,3
8577,3
8578,3
8579,3
8580,3
8581,3
8582,3
8583,3
8584,3
8585,3
8586,3
8587,3
8588,2
8589,3
8590,2
8591,3
8592,3
8593,3
8594,3
8595,3
8596,0
8597,3
8598,3
8599,3
8600,3
8601,3
8602,3
8603,3
8604,3
8605,3
8606,3
8607,3
8608,3
8609,3
8610,3
8611,3
8612,3
8613,3
8614,3
8615,3
8616,3
8617,3
8618,3
8619,3
8620,3
8621,3
8622,3
8623,3
8624,3
8625,3
8626,3
8627,3
8628,3
8629,3
8630,3
8631,3
8632,3
8633,3
8634,3
8635,3
8636,3
8637,3
8638,3
8639,3
8640,3
8641,3
8642,3
8643,3
8644,0
8645,3
8646,3
8647,2
8648,3
8649,3
8650,3
8651,3
8652,3
8653,3
8654,3
8655,3
8656,3
8657,3
8658,3
8659,3
8660,3
8661,3
8662,3
8663,3
8664,3
8665,3
8666,3
8667,3
8668,3
8669,3
8670,3
8671,3
8672,3
8673,2
8674,3
8675,3
8676,3
8677,3
8678,3
8679,3
8680,3
8681,3
8682,3
8683,3
8684,3
8685,3
8686,3
8687,3
8688,3
8689,3
8690,3
8691,3
8692,3
8693,3
8694,3
8695,3
8696,3
8697,3
8698,3
8699,3
8700,3
8701,3
8702,3
8703,3
8704,3
8705,3
8706,3
8707,3
8708,3
8709,3
8710,3
8711,3
8712,3
8713,3
8714,3
8715,3
8716,3
8717,3
8718,3
8719,3
8720,3
8721,3
8722,3
8723,3
8724,3
8725,3
8726,3
8727,3
8728,3
8729,3
8730,3
8731,3
8732,3
8733,3
8734,3
8735,3
8736,3
8737,3
8738,3
8739,3
8740,3
8741,3
8742,3
8743,3
8744,3
8745,3
8746,3
8747,3
8748,3
8749,3
8750,3
8751,3
8752,3
8753,3
8754,3
8755,3
8756,3
8757,3
8758,3
8759,3
8760,3
8761,3
8762,3
8763,3
8764,3
8765,3
8766,3
8767,3
8768,3
8769,3
8770,3
8771,3
8772,3
8773,3
8774,3
8775,3
8776,3
8777,3
8778,3
8779,3
8780,3
8781,3
8782,3
8783,3
8784,3
8785,3
8786,3
8787,3
8788,3
8789,3
8790,3
8791,3
8792,3
8793,3
8794,3
8795,3
8796,3
8797,3
8798,3
8799,3
8800,3
8801,3
8802,3
8803,3
8804,3
8805,3
8806,3
8807,3
8808,3
8809,3
8810,3
8811,3
8812,3
8813,3
8814,3
8815,3
8816,3
8817,3
8818,3
8819,3
8820,3
8821,3
8822,3
8823,2
8824,3
8825,3
8826,3
8827,3
8828,3
8829,3
8830,3
8831,3
8832,3
8833,3
8834,3
8835,3
8836,3
8837,3
8838,3
8839,3
8840,3
8841,3
8842,3
8843,3
8844,3
8845,3
8846,3
8847,3
8848,3
8849,3
8850,3
8851,3
8852,3
8853,3
8854,3
8855,3
8856,3
8857,3
8858,3
8859,3
8860,3
8861,3
8862,3
8863,3
8864,3
8865,3
8866,3
8867,3
8868,3
8869,3
8870,3
8871,3
8872,3
8873,3
8874,3
8875,3
8876,3
8877,3
8878,3
8879,3
8880,3
8881,3
8882,3
8883,3
8884,3
8885,3
8886,3
8887,3
8888,3
8889,3
8890,3
8891,3
8892,3
8893,3
8894,3
8895,3
8896,3
8897,3
8898,3
8899,3
8900,3
8901,3
8902,3
8903,3
8904,3
8905,3
8906,3
8907,3
8908,3
8909,3
8910,3
8911,3
8912,3
8913,3
8914,3
8915,3
8916,3
8917,2
8918,3
8919,3
8920,3
8921,2
8922,3
8923,3
8924,3
8925,3
8926,3
8927,3
8928,3
8929,3
8930,3
8931,3
8932,3
8933,3
8934,3
8935,3
8936,3
8937,3
8938,3
8939,3
8940,3
8941,3
8942,3
8943,3
8944,3
8945,3
8946,3
8947,3
8948,3
8949,3
8950,3
8951,3
8952,3
8953,3
8954,3
8955,3
8956,3
8957,3
8958,3
8959,3
8960,3
8961,3
8962,3
8963,3
8964,3
8965,3
8966,3
8967,3
8968,3
8969,3
8970,3
8971,3
8972,3
8973,3
8974,3
8975,3
8976,3
8977,3
8978,3
8979,3
8980,3
8981,3
8982,3
8983,3
8984,3
8985,3
8986,3
8987,3
8988,3
8989,3
8990,3
8991,3
8992,3
8993,3
8994,3
8995,3
8996,3
8997,3
8998,3
8999,3
9000,3
9001,3
9002,3
9003,3
9004,3
9005,3
9006,3
9007,3
9008,3
9009,3
9010,3
9011,3
9012,2
9013,3
9014,3
9015,3
9016,3
9017,3
9018,3
9019,3
9020,3
9021,3
9022,3
9023,3
9024,3
9025,3
9026,3
9027,3
9028,3
9029,3
9030,3
9031,3
9032,3
9033,3
9034,3
9035,3
9036,3
9037,3
9038,3
9039,3
9040,3
9041,3
9042,3
9043,3
9044,3
9045,3
9046,3
9047,3
9048,3
9049,3
9050,3
9051,3
9052,3
9053,3
9054,3
9055,3
9056,3
9057,3
9058,3
9059,3
9060,3
9061,3
9062,3
9063,3
9064,3
9065,3
9066,3
9067,3
9068,3
9069,3
9070,3
9071,3
9072,3
9073,3
9074,3
9075,3
9076,3
9077,3
9078,3
9079,3
9080,3
9081,3
9082,3
9083,3
9084,3
9085,3
9086,3
9087,3
9088,3
9089,3
9090,3
9091,3
9092,3
9093,3
9094,3
9095,3
9096,3
9097,3
9098,3
9099,3
9100,3
9101,3
9102,3
9103,3
9104,3
9105,3
9106,3
9107,3
9108,3
9109,3
9110,3
9111,3
9112,3
9113,3
9114,3
9115,3
9116,3
9117,3
9118,3
9119,3
9120,3
9121,3
9122,3
9123,3
9124,3
9125,3
9126,3
9127,3
9128,3
9129,3
9130,3
9131,3
9132,3
9133,3
9134,3
9135,3
9136,3
9137,3
9138,3
9139,3
9140,3
9141,3
9142,3
9143,3
9144,3
9145,3
9146,3
9147,3
9148,3
9149,3
9150,3
9151,3
9152,1
9153,3
9154,3
9155,3
9156,3
9157,3
9158,3
9159,3
9160,3
9161,3
9162,3
9163,3
9164,3
9165,3
9166,3
9167,3
9168,3
9169,3
9170,3
9171,3
9172,3
9173,3
9174,3
9175,3
9176,3
9177,3
9178,3
9179,3
9180,3
9181,3
9182,3
9183,3
9184,3
9185,3
9186,3
9187,3
9188,3
9189,3
9190,3
9191,3
9192,3
9193,3
9194,3
9195,3
9196,3
9197,3
9198,3
9199,3
9200,3
9201,3
9202,3
9203,3
9204,3
9205,3
9206,3
9207,3
9208,3
9209,3
9210,3
9211,3
9212,3
9213,3
9214,3
9215,3
9216,3
9217,3
9218,3
9219,3
9220,3
9221,3
9222,3
9223,3
9224,3
9225,3
9226,3
9227,3
9228,3
9229,3
9230,3
9231,3
9232,3
9233,3
9234,3
9235,3
9236,3
9237,3
9238,3
9239,3
9240,3
9241,3
9242,3
9243,3
9244,3
9245,3
9246,3
9247,3
9248,3
9249,3
9250,2
9251,3
9252,3
9253,3
9254,3
9255,3
9256,3
9257,3
9258,3
9259,3
9260,3
9261,3
9262,3
9263,3
9264,3
9265,3
9266,3
9267,3
9268,3
9269,3
9270,3
9271,3
9272,3
9273,3
9274,3
9275,3
9276,3
9277,3
9278,3
9279,3
9280,3
9281,3
9282,3
9283,3
9284,3
9285,3
9286,3
9287,3
9288,3
9289,2
9290,3
9291,3
9292,3
9293,3
9294,3
9295,3
9296,3
9297,3
9298,3
9299,3
9300,3
9301,3
9302,3
9303,3
9304,3
9305,3
9306,3
9307,3
9308,3
9309,3
9310,3
9311,2
9312,3
9313,3
9314,3
9315,3
9316,2
9317,2
9318,2
9319,2
9320,2
9321,2
9322,2
9323,2
9324,2
9325,2
9326,2
9327,2
9328,2
9329,2
9330,2
9331,2
9332,2
9333,2
9334,2
9335,2
9336,2
9337,2
9338,2
9339,2
9340,2
9341,2
9342,2
9343,2
9344,2
9345,3
9346,2
9347,2
9348,2
9349,2
9350,3
9351,2
9352,2
9353,2
9354,2
9355,2
9356,2
9357,2
9358,2
9359,2
9360,2
9361,2
9362,2
9363,3
9364,2
9365,2
9366,2
9367,2
9368,2
9369,2
9370,2
9371,2
9372,2
9373,2
9374,2
9375,2
9376,2
9377,2
9378,2
9379,2
9380,3
9381,2
9382,2
9383,2
9384,2
9385,2
9386,2
9387,2
9388,2
9389,2
9390,2
9391,2
9392,2
9393,2
9394,2
9395,2
9396,2
9397,2
9398,2
9399,2
9400,2
9401,2
9402,2
9403,2
9404,2
9405,2
9406,2
9407,2
9408,2
9409,2
9410,2
9411,2
9412,2
9413,2
9414,2
9415,2
9416,2
9417,2
9418,2
9419,2
9420,2
9421,2
9422,2
9423,2
9424,2
9425,2
9426,2
9427,2
9428,3
9429,2
9430,2
9431,2
9432,2
9433,2
9434,2
9435,2
9436,2
9437,2
9438,2
9439,2
9440,2
9441,2
9442,2
9443,2
9444,3
9445,2
9446,2
9447,2
9448,2
9449,2
9450,2
9451,2
9452,2
9453,2
9454,2
9455,2
9456,2
9457,2
9458,2
9459,2
9460,2
9461,2
9462,2
9463,2
9464,2
9465,2
9466,2
9467,2
9468,2
9469,2
9470,2
9471,2
9472,2
9473,2
9474,2
9475,2
9476,2
9477,2
9478,2
9479,2
9480,2
9481,2
9482,2
9483,2
9484,2
9485,2
9486,2
9487,2
9488,2
9489,2
9490,2
9491,2
9492,2
9493,2
9494,2
9495,2
9496,2
9497,2
9498,2
9499,2
9500,2
9501,2
9502,2
9503,2
9504,2
9505,2
9506,2
9507,2
9508,2
9509,2
9510,2
9511,2
9512,2
9513,2
9514,2
9515,2
9516,2
9517,2
9518,2
9519,2
9520,2
9521,2
9522,2
9523,2
9524,2
9525,2
9526,2
9527,2
9528,2
9529,3
9530,2
9531,2
9532,2
9533,2
9534,2
9535,2
9536,2
9537,2
9538,2
9539,2
9540,2
9541,2
9542,2
9543,2
9544,2
9545,2
9546,2
9547,2
9548,2
9549,2
9550,2
9551,2
9552,2
9553,2
9554,2
9555,2
9556,2
9557,2
9558,2
9559,2
9560,2
9561,2
9562,2
9563,2
9564,2
9565,2
9566,2
9567,2
9568,2
9569,2
9570,2
9571,2
9572,2
9573,2
9574,2
9575,2
9576,2
9577,2
9578,2
9579,2
9580,2
9581,2
9582,2
9583,2
9584,2
9585,2
9586,2
9587,2
9588,2
9589,2
9590,2
9591,2
9592,2
9593,2
9594,2
9595,2
9596,2
9597,2
9598,2
9599,2
9600,2
9601,2
9602,2
9603,2
9604,2
9605,2
9606,2
9607,2
9608,2
9609,2
9610,2
9611,2
9612,2
9613,2
9614,2
9615,2
9616,2
9617,3
9618,2
9619,2
9620,2
9621,2
9622,2
9623,2
9624,2
9625,2
9626,2
9627,2
9628,2
9629,2
9630,3
9631,2
9632,2
9633,2
9634,2
9635,2
9636,2
9637,2
9638,2
9639,2
9640,2
9641,2
9642,2
9643,2
9644,2
9645,2
9646,2
9647,2
9648,2
9649,2
9650,2
9651,2
9652,3
9653,2
9654,2
9655,2
9656,2
9657,2
9658,2
9659,2
9660,2
9661,2
9662,2
9663,2
9664,2
9665,2
9666,2
9667,2
9668,2
9669,2
9670,2
9671,2
9672,2
9673,2
9674,2
9675,2
9676,2
9677,2
9678,2
9679,2
9680,3
9681,2
9682,2
9683,2
9684,3
9685,2
9686,2
9687,2
9688,2
9689,2
9690,2
9691,2
9692,2
9693,2
9694,2
9695,2
9696,2
9697,2
9698,2
9699,2
9700,2
9701,0
9702,2
9703,2
9704,2
9705,2
9706,2
9707,2
9708,2
9709,2
9710,2
9711,2
9712,3
9713,2
9714,2
9715,2
9716,2
9717,2
9718,2
9719,2
9720,2
9721,2
9722,2
9723,2
9724,3
9725,2
9726,2
9727,2
9728,2
9729,2
9730,2
9731,2
9732,2
9733,2
9734,2
9735,2
9736,2
9737,2
9738,2
9739,2
9740,2
9741,2
9742,3
9743,2
9744,2
9745,2
9746,2
9747,2
9748,2
9749,3
9750,2
9751,2
9752,2
9753,2
9754,2
9755,2
9756,2
9757,2
9758,2
9759,2
9760,2
9761,2
9762,2
9763,3
9764,2
9765,2
9766,2
9767,2
9768,2
9769,3
9770,2
9771,2
9772,2
9773,2
9774,2
9775,2
9776,2
9777,2
9778,2
9779,2
9780,2
9781,2
9782,2
9783,2
9784,2
9785,2
9786,2
9787,2
9788,3
9789,2
9790,2
9791,2
9792,2
9793,2
9794,2
9795,2
9796,2
9797,2
9798,2
9799,2
9800,2
9801,2
9802,2
9803,2
9804,2
9805,2
9806,2
9807,2
9808,2
9809,2
9810,2
9811,2
9812,2
9813,2
9814,2
9815,2
9816,2
9817,2
9818,2
9819,2
9820,2
9821,2
9822,2
9823,2
9824,2
9825,2
9826,2
9827,2
9828,2
9829,2
9830,2
9831,2
9832,2
9833,2
9834,2
9835,2
9836,2
9837,2
9838,2
9839,2
9840,2
9841,2
9842,2
9843,2
9844,2
9845,2
9846,2
9847,2
9848,2
9849,2
9850,2
9851,2
9852,2
9853,2
9854,2
9855,2
9856,2
9857,2
9858,2
9859,2
9860,2
9861,2
9862,2
9863,2
9864,2
9865,2
9866,2
9867,2
9868,2
9869,2
9870,2
9871,2
9872,2
9873,2
9874,2
9875,2
9876,3
9877,2
9878,2
9879,2
9880,2
9881,2
9882,2
9883,2
9884,2
9885,2
9886,2
9887,2
9888,2
9889,2
9890,2
9891,2
9892,2
9893,2
9894,2
9895,2
9896,2
9897,2
9898,2
9899,2
9900,2
9901,2
9902,2
9903,2
9904,2
9905,2
9906,2
9907,2
9908,2
9909,2
9910,2
9911,2
9912,2
9913,2
9914,2
9915,2
9916,2
9917,2
9918,2
9919,2
9920,2
9921,2
9922,2
9923,2
9924,2
9925,2
9926,2
9927,2
9928,2
9929,2
9930,2
9931,2
9932,2
9933,2
9934,2
9935,2
9936,2
9937,2
9938,2
9939,2
9940,2
9941,2
9942,2
9943,2
9944,2
9945,2
9946,2
9947,2
9948,2
9949,2
9950,2
9951,2
9952,2
9953,2
9954,2
9955,2
9956,2
9957,2
9958,2
9959,2
9960,2
9961,2
9962,2
9963,2
9964,2
9965,2
9966,2
9967,2
9968,2
9969,2
9970,2
9971,2
9972,2
9973,2
9974,2
9975,2
9976,2
9977,2
9978,2
9979,2
9980,2
9981,2
9982,2
9983,2
9984,2
9985,2
9986,2
9987,2
9988,2
9989,2
9990,2
9991,2
9992,2
9993,2
9994,2
9995,3
9996,2
9997,3
9998,2
9999,2
10000,2
10001,2
10002,2
10003,2
10004,2
10005,2
10006,2
10007,2
10008,2
10009,2
10010,2
10011,2
10012,2
10013,2
10014,2
10015,2
10016,2
10017,2
10018,3
10019,2
10020,2
10021,2
10022,2
10023,2
10024,2
10025,2
10026,2
10027,2
10028,2
10029,2
10030,2
10031,2
10032,2
10033,3
10034,2
10035,2
10036,2
10037,3
10038,2
10039,2
10040,2
10041,2
10042,2
10043,2
10044,2
10045,2
10046,2
10047,2
10048,2
10049,2
10050,2
10051,2
10052,2
10053,2
10054,2
10055,2
10056,2
10057,2
10058,2
10059,2
10060,2
10061,2
10062,2
10063,2
10064,2
10065,2
10066,2
10067,2
10068,2
10069,2
10070,2
10071,2
10072,2
10073,2
10074,2
10075,2
10076,2
10077,2
10078,2
10079,2
10080,2
10081,2
10082,2
10083,2
10084,2
10085,2
10086,2
10087,2
10088,2
10089,2
10090,2
10091,2
10092,2
10093,2
10094,2
10095,2
10096,2
10097,2
10098,2
10099,2
10100,2
10101,2
10102,2
10103,2
10104,2
10105,2
10106,2
10107,2
10108,2
10109,2
10110,2
10111,2
10112,2
10113,2
10114,2
10115,2
10116,2
10117,2
10118,2
10119,2
10120,2
10121,2
10122,2
10123,3
10124,3
10125,3
10126,2
10127,2
10128,2
10129,2
10130,2
10131,3
10132,2
10133,2
10134,2
10135,2
10136,2
10137,2
10138,2
10139,2
10140,2
10141,2
10142,2
10143,2
10144,2
10145,2
10146,2
10147,3
10148,3
10149,3
10150,2
10151,2
10152,2
10153,2
10154,2
10155,2
10156,2
10157,2
10158,2
10159,2
10160,2
10161,2
10162,2
10163,2
10164,2
10165,2
10166,2
10167,2
10168,2
10169,2
10170,2
10171,2
10172,3
10173,2
10174,2
10175,2
10176,2
10177,2
10178,2
10179,2
10180,2
10181,2
10182,2
10183,2
10184,2
10185,2
10186,2
10187,2
10188,2
10189,2
10190,2
10191,2
10192,2
10193,2
10194,2
10195,2
10196,2
10197,2
10198,2
10199,2
10200,2
10201,2
10202,2
10203,2
10204,2
10205,2
10206,2
10207,2
10208,2
10209,2
10210,2
10211,2
10212,2
10213,2
10214,2
10215,2
10216,2
10217,2
10218,2
10219,2
10220,2
10221,2
10222,2
10223,2
10224,2
10225,2
10226,2
10227,2
10228,2
10229,2
10230,2
10231,2
10232,2
10233,2
10234,2
10235,2
10236,2
10237,2
10238,2
10239,2
10240,2
10241,2
10242,2
10243,2
10244,2
10245,2
10246,2
10247,2
10248,2
10249,2
10250,2
10251,2
10252,2
10253,2
10254,2
10255,2
10256,2
10257,2
10258,2
10259,2
10260,2
10261,2
10262,2
10263,3
10264,2
10265,2
10266,2
10267,2
10268,2
10269,2
10270,2
10271,2
10272,2
10273,2
10274,2
10275,2
10276,2
10277,2
10278,2
10279,2
10280,2
10281,2
10282,2
10283,2
10284,2
10285,2
10286,2
10287,2
10288,2
10289,2
10290,2
10291,2
10292,2
10293,2
10294,2
10295,2
10296,2
10297,2
10298,2
10299,2
10300,2
10301,2
10302,2
10303,2
10304,2
10305,2
10306,2
10307,2
10308,2
10309,2
10310,2
10311,2
10312,2
10313,2
10314,2
10315,2
10316,2
10317,2
10318,2
10319,2
10320,2
10321,3
10322,2
10323,2
10324,2
10325,2
10326,2
10327,2
10328,2
10329,2
10330,2
10331,2
10332,2
10333,2
10334,2
10335,2
10336,2
10337,2
10338,2
10339,2
10340,2
10341,2
10342,2
10343,2
10344,2
10345,2
10346,2
10347,2
10348,2
10349,2
10350,2
10351,2
10352,2
10353,2
10354,2
10355,2
10356,2
10357,2
10358,2
10359,2
10360,2
10361,2
10362,2
10363,2
10364,2
10365,2
10366,2
10367,2
10368,2
10369,2
10370,2
10371,2
10372,2
10373,2
10374,2
10375,2
10376,2
10377,2
10378,2
10379,2
10380,2
10381,2
10382,2
10383,2
10384,2
10385,2
10386,2
10387,2
10388,2
10389,2
10390,2
10391,2
10392,2
10393,2
10394,2
10395,2
10396,2
10397,2
10398,2
10399,2
10400,2
10401,2
10402,2
10403,2
10404,2
10405,2
10406,2
10407,2
10408,2
10409,2
10410,2
10411,2
10412,2
10413,2
10414,2
10415,2
10416,3
10417,2
10418,2
10419,2
10420,2
10421,2
10422,2
10423,2
10424,2
10425,2
10426,2
10427,2
10428,2
10429,2
10430,2
10431,2
10432,2
10433,2
10434,2
10435,2
10436,2
10437,2
10438,2
10439,2
10440,2
10441,2
10442,2
10443,2
10444,2
10445,2
10446,2
10447,2
10448,2
10449,2
10450,2
10451,2
10452,2
10453,2
10454,2
10455,2
10456,2
10457,2
10458,2
10459,2
10460,2
10461,2
10462,2
10463,2
10464,2
10465,2
10466,2
10467,2
10468,2
10469,2
10470,2
10471,2
10472,2
10473,2
10474,2
10475,3
10476,3
10477,2
10478,2
10479,2
10480,2
10481,2
10482,2
10483,2
10484,2
10485,2
10486,2
10487,3
10488,2
10489,2
10490,2
10491,3
10492,2
10493,2
10494,2
10495,2
10496,2
10497,2
10498,2
10499,2
10500,2
10501,2
10502,2
10503,2
10504,2
10505,2
10506,2
10507,2
10508,2
10509,2
10510,2
10511,2
10512,2
10513,3
10514,2
10515,2
10516,2
10517,2
10518,2
10519,2
10520,2
10521,2
10522,2
10523,2
10524,2
10525,2
10526,2
10527,2
10528,2
10529,2
10530,2
10531,2
10532,2
10533,2
10534,2
10535,2
10536,2
10537,2
10538,2
10539,2
10540,2
10541,2
10542,2
10543,2
10544,2
10545,2
10546,2
10547,2
10548,2
10549,2
10550,2
10551,2
10552,2
10553,2
10554,2
10555,2
10556,2
10557,2
10558,2
10559,2
10560,2
10561,2
10562,2
10563,2
10564,2
10565,2
10566,2
10567,2
10568,2
10569,2
10570,2
10571,2
10572,2
10573,2
10574,2
10575,2
10576,2
10577,2
10578,2
10579,2
10580,2
10581,2
10582,2
10583,2
10584,2
10585,2
10586,2
10587,2
10588,2
10589,2
10590,2
10591,2
10592,2
10593,2
10594,2
10595,0
10596,2
10597,2
10598,2
10599,2
10600,2
10601,2
10602,2
10603,2
10604,2
10605,2
10606,2
10607,2
10608,2
10609,2
10610,2
10611,2
10612,3
10613,2
10614,2
10615,2
10616,2
10617,2
10618,2
10619,2
10620,2
10621,2
10622,2
10623,2
10624,2
10625,2
10626,3
10627,2
10628,2
10629,2
10630,2
10631,2
10632,2
10633,2
10634,2
10635,2
10636,2
10637,2
10638,2
10639,2
10640,2
10641,2
10642,2
10643,2
10644,2
10645,2
10646,2
10647,2
10648,2
10649,2
10650,2
10651,2
10652,2
10653,2
10654,2
10655,2
10656,2
10657,2
10658,2
10659,2
10660,2
10661,2
10662,2
10663,2
10664,2
10665,2
10666,2
10667,2
10668,2
10669,2
10670,2
10671,2
10672,2
10673,2
10674,2
10675,2
10676,2
10677,2
10678,2
10679,2
10680,2
10681,2
10682,2
10683,2
10684,2
10685,2
10686,2
10687,2
10688,2
10689,2
10690,2
10691,2
10692,2
10693,2
10694,2
10695,2
10696,2
10697,2
10698,2
10699,2
10700,2
10701,2
10702,2
10703,2
10704,2
10705,2
10706,2
10707,2
10708,2
10709,2
10710,2
10711,2
10712,2
10713,2
10714,2
10715,2
10716,2
10717,2
10718,2
10719,2
10720,2
10721,3
10722,3
10723,2
10724,3
10725,2
10726,3
10727,3
10728,2
10729,2
10730,2
10731,2
10732,2
10733,2
10734,2
10735,2
10736,2
10737,2
10738,2
10739,2
10740,2
10741,2
10742,2
10743,2
10744,2
10745,2
10746,2
10747,3
10748,2
10749,2
10750,2
10751,2
10752,3
10753,3
10754,2
10755,2
10756,2
10757,2
10758,2
10759,2
10760,2
10761,2
10762,2
10763,2
10764,2
10765,2
10766,2
10767,2
10768,2
10769,2
10770,2
10771,2
10772,2
10773,2
10774,2
10775,2
10776,2
10777,2
10778,2
10779,2
10780,2
10781,2
10782,2
10783,2
10784,2
10785,2
10786,2
10787,2
10788,2
10789,2
10790,2
10791,2
10792,2
10793,2
10794,2
10795,2
10796,2
10797,2
10798,2
10799,2
10800,2
10801,2
10802,2
10803,2
10804,2
10805,2
10806,2
10807,2
10808,2
10809,2
10810,2
10811,2
10812,2
10813,2
10814,2
10815,2
10816,2
10817,2
10818,2
10819,2
10820,2
10821,2
10822,2
10823,2
10824,2
10825,2
10826,2
10827,2
10828,2
10829,2
10830,2
10831,2
10832,2
10833,2
10834,2
10835,2
10836,2
10837,2
10838,2
10839,2
10840,2
10841,2
10842,2
10843,2
10844,2
10845,2
10846,2
10847,2
10848,2
10849,2
10850,2
10851,2
10852,2
10853,2
10854,2
10855,2
10856,2
10857,2
10858,2
10859,2
10860,2
10861,2
10862,2
10863,2
10864,2
10865,2
10866,2
10867,2
10868,2
10869,2
10870,2
10871,2
10872,2
10873,2
10874,2
10875,2
10876,2
10877,2
10878,2
10879,2
10880,2
10881,2
10882,2
10883,2
10884,2
10885,3
10886,2
10887,2
10888,2
10889,2
10890,2
10891,2
10892,2
10893,2
10894,2
10895,2
10896,2
10897,2
10898,2
10899,2
10900,2
10901,2
10902,2
10903,2
10904,2
10905,2
10906,2
10907,2
10908,2
10909,2
10910,2
10911,2
10912,2
10913,2
10914,2
10915,2
10916,3
10917,3
10918,2
10919,2
10920,2
10921,2
10922,2
10923,2
10924,2
10925,2
10926,2
10927,2
10928,2
10929,2
10930,2
10931,2
10932,2
10933,2
10934,2
10935,2
10936,2
10937,2
10938,2
10939,2
10940,2
10941,2
10942,2
10943,2
10944,2
10945,2
10946,2
10947,2
10948,2
10949,2
10950,2
10951,2
10952,2
10953,3
10954,3
10955,3
10956,3
10957,3
10958,2
10959,2
10960,2
10961,2
10962,2
10963,2
10964,2
10965,2
10966,2
10967,2
10968,2
10969,2
10970,2
10971,2
10972,2
10973,2
10974,2
10975,2
10976,2
10977,2
10978,2
10979,2
10980,2
10981,2
10982,2
10983,2
10984,2
10985,2
10986,2
10987,2
10988,2
10989,2
10990,2
10991,2
10992,2
10993,2
10994,2
10995,2
10996,2
10997,2
10998,2
10999,2
11000,2
11001,2
11002,2
11003,2
11004,2
11005,2
11006,2
11007,2
11008,2
11009,2
11010,2
11011,2
11012,2
11013,2
11014,2
11015,2
11016,2
11017,2
11018,2
11019,2
11020,2
11021,2
11022,2
11023,2
11024,2
11025,2
11026,2
11027,2
11028,2
11029,2
11030,2
11031,2
11032,2
11033,2
11034,2
11035,2
11036,2
11037,2
11038,2
11039,2
11040,2
11041,2
11042,2
11043,2
11044,2
11045,2
11046,2
11047,2
11048,2
11049,2
11050,2
11051,2
11052,2
11053,2
11054,2
11055,2
11056,2
11057,2
11058,2
11059,2
11060,2
11061,2
11062,2
11063,2
11064,2
11065,2
11066,2
11067,2
11068,2
11069,2
11070,2
11071,2
11072,2
11073,2
11074,2
11075,2
11076,2
11077,2
11078,2
11079,2
11080,2
11081,2
11082,2
11083,2
11084,2
11085,2
11086,2
11087,2
11088,2
11089,2
11090,2
11091,2
11092,2
11093,2
11094,2
11095,2
11096,2
11097,2
11098,3
11099,2
11100,2
11101,2
11102,2
11103,2
11104,2
11105,2
11106,2
11107,2
11108,2
11109,2
11110,2
11111,2
11112,2
11113,2
11114,2
11115,2
11116,2
11117,2
11118,2
11119,2
11120,2
11121,2
11122,2
11123,2
11124,2
11125,2
11126,2
11127,2
11128,2
11129,2
11130,3
11131,2
11132,2
11133,2
11134,2
11135,2
11136,2
11137,2
11138,2
11139,2
11140,2
11141,2
11142,2
11143,2
11144,2
11145,2
11146,2
11147,2
11148,2
11149,2
11150,2
11151,2
11152,2
11153,2
11154,2
11155,2
11156,2
11157,2
11158,2
11159,2
11160,2
11161,2
11162,2
11163,2
11164,2
11165,2
11166,2
11167,2
11168,2
11169,2
11170,2
11171,2
11172,2
11173,2
11174,2
11175,2
11176,2
11177,2
11178,2
11179,2
11180,2
11181,2
11182,2
11183,2
11184,2
11185,2
11186,2
11187,2
11188,2
11189,2
11190,2
11191,2
11192,2
11193,2
11194,2
11195,2
11196,2
11197,2
11198,2
11199,3
11200,2
11201,2
11202,2
11203,2
11204,2
11205,2
11206,2
11207,2
11208,2
11209,2
11210,2
11211,2
11212,2
11213,2
11214,2
11215,2
11216,2
11217,2
11218,2
11219,2
11220,2
11221,2
11222,2
11223,2
11224,2
11225,2
11226,2
11227,2
11228,2
11229,2
11230,2
11231,2
11232,2
11233,2
11234,2
11235,2
11236,2
11237,2
11238,2
11239,2
11240,2
11241,2
11242,2
11243,2
11244,2
11245,2
11246,2
11247,2
11248,2
11249,2
11250,2
11251,2
11252,2
11253,2
11254,2
11255,2
11256,2
11257,2
11258,2
11259,2
11260,2
11261,2
11262,2
11263,2
11264,2
11265,3
11266,2
11267,3
11268,2
11269,2
11270,2
11271,2
11272,2
11273,2
11274,2
11275,2
11276,2
11277,2
11278,2
11279,2
11280,2
11281,2
11282,2
11283,2
11284,2
11285,2
11286,2
11287,2
11288,2
11289,2
11290,2
11291,2
11292,2
11293,2
11294,2
11295,2
11296,2
11297,2
11298,2
11299,2
11300,2
11301,2
11302,2
11303,2
11304,3
11305,2
11306,3
11307,2
11308,2
11309,2
11310,2
11311,2
11312,2
11313,2
11314,3
11315,2
11316,2
11317,2
11318,2
11319,2
11320,2
11321,2
11322,2
11323,2
11324,2
11325,2
11326,2
11327,2
11328,3
11329,2
11330,2
11331,2
11332,2
11333,2
11334,2
11335,2
11336,2
11337,2
11338,2
11339,2
11340,2
11341,2
11342,2
11343,2
11344,2
11345,2
11346,2
11347,2
11348,2
11349,2
11350,2
11351,2
11352,2
11353,2
11354,2
11355,2
11356,2
11357,2
11358,2
11359,2
11360,2
11361,2
11362,2
11363,2
11364,2
11365,2
11366,2
11367,2
11368,2
11369,2
11370,2
11371,2
11372,2
11373,2
11374,2
11375,2
11376,2
11377,2
11378,3
11379,2
11380,2
11381,2
11382,2
11383,2
11384,2
11385,2
11386,2
11387,2
11388,2
11389,2
11390,2
11391,2
11392,2
11393,2
11394,2
11395,2
11396,2
11397,2
11398,2
11399,2
11400,2
11401,3
11402,2
11403,2
11404,2
11405,2
11406,2
11407,2
11408,2
11409,2
11410,2
11411,2
11412,2
11413,2
11414,2
11415,2
11416,2
11417,2
11418,2
11419,2
11420,2
11421,2
11422,2
11423,2
11424,2
11425,2
11426,2
11427,2
11428,2
11429,2
11430,2
11431,2
11432,2
11433,2
11434,2
11435,2
11436,2
11437,2
11438,2
11439,2
11440,2
11441,2
11442,2
11443,2
11444,2
11445,2
11446,2
11447,2
11448,2
11449,2
11450,2
11451,2
11452,2
11453,2
11454,2
11455,2
11456,2
11457,2
11458,2
11459,2
11460,2
11461,2
11462,2
11463,2
11464,2
11465,2
11466,2
11467,2
11468,2
11469,2
11470,2
11471,2
11472,2
11473,2
11474,2
11475,2
11476,2
11477,2
11478,2
11479,2
11480,2
11481,2
11482,2
11483,2
11484,2
11485,2
11486,2
11487,2
11488,2
11489,2
11490,2
11491,2
11492,2
11493,2
11494,3
11495,2
11496,2
11497,3
11498,2
11499,2
11500,2
11501,2
11502,2
11503,2
11504,2
11505,2
11506,2
11507,2
11508,2
11509,2
11510,2
11511,2
11512,2
11513,2
11514,2
11515,2
11516,2
11517,2
11518,2
11519,2
11520,2
11521,2
11522,2
11523,2
11524,2
11525,2
11526,2
11527,2
11528,2
11529,2
11530,2
11531,2
11532,2
11533,2
11534,2
11535,2
11536,2
11537,2
11538,2
11539,2
11540,2
11541,2
11542,2
11543,2
11544,2
11545,2
11546,2
11547,2
11548,2
11549,2
11550,2
11551,2
11552,2
11553,2
11554,2
11555,2
11556,2
11557,2
11558,2
11559,2
11560,2
11561,2
11562,2
11563,2
11564,2
11565,2
11566,2
11567,2
11568,2
11569,2
11570,2
11571,2
11572,2
11573,2
11574,3
11575,3
11576,2
11577,2
11578,2
11579,2
11580,2
11581,2
11582,2
11583,2
11584,2
11585,2
11586,2
11587,2
11588,2
11589,2
11590,2
11591,2
11592,2
11593,2
11594,2
11595,3
11596,2
11597,3
11598,2
11599,2
11600,2
11601,2
11602,2
11603,2
11604,2
11605,2
11606,2
11607,2
11608,2
11609,2
11610,2
11611,2
11612,2
11613,2
11614,2
11615,2
11616,2
11617,2
11618,2
11619,2
11620,2
11621,2
11622,2
11623,2
11624,2
11625,2
11626,2
11627,2
11628,2
11629,2
11630,2
11631,2
11632,2
11633,2
11634,2
11635,2
11636,2
11637,2
11638,2
11639,2
11640,2
11641,2
11642,2
11643,2
11644,2
11645,2
11646,2
11647,2
11648,2
11649,2
11650,2
11651,2
11652,2
11653,2
11654,2
11655,2
11656,2
11657,2
11658,2
11659,2
11660,2
11661,2
11662,2
11663,2
11664,2
11665,2
11666,2
11667,2
11668,2
11669,2
11670,2
11671,3
11672,3
11673,2
11674,2
11675,2
11676,2
11677,2
11678,2
11679,2
11680,2
11681,2
11682,2
11683,2
11684,2
11685,2
11686,2
11687,2
11688,2
11689,2
11690,2
11691,2
11692,2
11693,2
11694,2
11695,2
11696,2
11697,2
11698,2
11699,2
11700,2
11701,2
11702,2
11703,2
11704,2
11705,2
11706,2
11707,2
11708,2
11709,2
11710,2
11711,2
11712,2
11713,2
11714,2
11715,2
11716,2
11717,2
11718,2
11719,2
11720,2
11721,2
11722,2
11723,2
11724,2
11725,2
11726,3
11727,2
11728,2
11729,2
11730,2
11731,2
11732,2
11733,2
11734,2
11735,2
11736,2
11737,2
11738,2
11739,2
11740,2
11741,2
11742,2
11743,2
11744,2
11745,2
11746,2
11747,2
11748,2
11749,2
11750,2
11751,2
11752,2
11753,2
11754,2
11755,2
11756,2
11757,2
11758,2
11759,2
11760,2
11761,2
11762,2
11763,2
11764,2
11765,2
11766,2
11767,3
11768,2
11769,2
11770,3
11771,2
11772,3
11773,2
11774,3
11775,2
11776,2
11777,2
11778,2
11779,2
11780,2
11781,2
11782,2
11783,2
11784,2
11785,2
11786,2
11787,2
11788,2
11789,2
11790,2
11791,2
11792,2
11793,2
11794,2
11795,2
11796,2
11797,2
11798,2
11799,2
11800,2
11801,2
11802,2
11803,2
11804,2
11805,2
11806,2
11807,2
11808,2
11809,2
11810,2
11811,2
11812,2
11813,2
11814,2
11815,2
11816,2
11817,2
11818,2
11819,2
11820,2
11821,2
11822,2
11823,2
11824,2
11825,2
11826,2
11827,2
11828,2
11829,2
11830,2
11831,2
11832,2
11833,2
11834,2
11835,2
11836,2
11837,2
11838,2
11839,2
11840,2
11841,2
11842,2
11843,2
11844,2
11845,2
11846,2
11847,2
11848,2
11849,2
11850,2
11851,2
11852,2
11853,2
11854,2
11855,2
11856,2
11857,2
11858,2
11859,2
11860,2
11861,2
11862,2
11863,2
11864,2
11865,2
11866,2
11867,2
11868,2
11869,2
11870,2
11871,2
11872,2
11873,2
11874,2
11875,2
11876,2
11877,2
11878,2
11879,2
11880,2
11881,2
11882,2
11883,2
11884,2
11885,2
11886,2
11887,2
11888,2
11889,2
11890,2
11891,2
11892,2
11893,2
11894,2
11895,2
11896,2
11897,2
11898,2
11899,2
11900,2
11901,2
11902,3
11903,2
11904,2
11905,2
11906,2
11907,2
11908,2
11909,2
11910,2
11911,2
11912,2
11913,2
11914,2
11915,2
11916,2
11917,2
11918,2
11919,2
11920,2
11921,2
11922,2
11923,2
11924,2
11925,2
11926,2
11927,2
11928,2
11929,2
11930,2
11931,2
11932,2
11933,2
11934,2
11935,2
11936,2
11937,2
11938,2
11939,2
11940,2
11941,2
11942,2
11943,2
11944,2
11945,2
11946,2
11947,2
11948,2
11949,2
11950,2
11951,2
11952,2
11953,2
11954,2
11955,2
11956,2
11957,2
11958,2
11959,2
11960,2
11961,2
11962,2
11963,2
11964,2
11965,2
11966,3
11967,2
11968,2
11969,2
11970,2
11971,2
11972,2
11973,2
11974,3
11975,2
11976,2
11977,2
11978,2
11979,2
11980,2
11981,2
11982,2
11983,2
11984,2
11985,2
11986,2
11987,3
11988,2
11989,2
11990,2
11991,3
11992,3
11993,3
11994,2
11995,2
11996,2
11997,2
11998,2
11999,2
12000,2
12001,2
12002,2
12003,2
12004,2
12005,2
12006,2
12007,2
12008,2
12009,2
12010,2
12011,2
12012,2
12013,2
12014,2
12015,2
12016,2
12017,2
12018,2
12019,2
12020,2
12021,2
12022,2
12023,2
12024,2
12025,2
12026,2
12027,2
12028,2
12029,2
12030,2
12031,2
12032,2
12033,2
12034,2
12035,2
12036,2
12037,2
12038,2
12039,2
12040,2
12041,2
12042,2
12043,2
12044,2
12045,2
12046,2
12047,2
12048,2
12049,2
12050,2
12051,2
12052,2
12053,2
12054,2
12055,2
12056,2
12057,2
12058,2
12059,2
12060,2
12061,2
12062,2
12063,2
12064,2
12065,2
12066,2
12067,2
12068,2
12069,2
12070,2
12071,2
12072,2
12073,2
12074,2
12075,2
12076,2
12077,2
12078,2
12079,2
12080,2
12081,2
12082,2
12083,2
12084,2
12085,2
12086,2
12087,2
12088,2
12089,2
12090,2
12091,2
12092,2
12093,2
12094,2
12095,2
12096,2
12097,2
12098,2
12099,2
12100,2
12101,2
12102,2
12103,2
12104,2
12105,2
12106,2
12107,2
12108,2
12109,2
12110,2
12111,2
12112,2
12113,2
12114,2
12115,2
12116,2
12117,2
12118,2
12119,2
12120,2
12121,2
12122,2
12123,2
12124,2
12125,2
12126,2
12127,2
12128,2
12129,2
12130,2
12131,2
12132,2
12133,2
12134,2
12135,2
12136,2
12137,2
12138,2
12139,2
12140,2
12141,2
12142,2
12143,2
12144,2
12145,2
12146,2
12147,2
12148,2
12149,2
12150,2
12151,2
12152,2
12153,2
12154,2
12155,2
12156,2
12157,2
12158,2
12159,2
12160,2
12161,2
12162,2
12163,2
12164,2
12165,2
12166,2
12167,2
12168,2
12169,2
12170,2
12171,2
12172,2
12173,2
12174,2
12175,2
12176,2
12177,2
12178,3
12179,3
12180,2
12181,2
12182,2
12183,2
12184,2
12185,2
12186,2
12187,2
12188,2
12189,2
12190,2
12191,2
12192,2
12193,2
12194,2
12195,2
12196,2
12197,2
12198,2
12199,2
12200,2
12201,2
12202,2
12203,2
12204,2
12205,2
12206,2
12207,2
12208,2
12209,2
12210,3
12211,2
12212,2
12213,2
12214,2
12215,2
12216,2
12217,2
12218,2
12219,2
12220,2
12221,2
12222,2
12223,2
12224,3
12225,2
12226,2
12227,2
12228,2
12229,2
12230,2
12231,2
12232,2
12233,2
12234,2
12235,2
12236,2
12237,2
12238,2
12239,2
12240,2
12241,2
12242,2
12243,2
12244,2
12245,2
12246,2
12247,2
12248,2
12249,2
12250,2
12251,2
12252,2
12253,2
12254,2
12255,2
12256,2
12257,2
12258,2
12259,2
12260,2
12261,2
12262,2
12263,2
12264,2
12265,2
12266,2
12267,2
12268,2
12269,2
12270,2
12271,2
12272,2
12273,2
12274,2
12275,2
12276,2
12277,2
12278,2
12279,2
12280,2
12281,2
12282,2
12283,2
12284,2
12285,2
12286,2
12287,2
12288,2
12289,2
12290,2
12291,2
12292,2
12293,2
12294,2
12295,2
12296,2
12297,2
12298,2
12299,2
12300,2
12301,2
12302,2
12303,2
12304,2
12305,2
12306,2
12307,2
12308,2
12309,2
12310,2
12311,2
12312,3
12313,3
12314,3
12315,3
12316,2
12317,2
12318,2
12319,2
12320,2
12321,2
12322,2
12323,2
12324,2
12325,2
12326,2
12327,2
12328,2
12329,2
12330,2
12331,2
12332,2
12333,3
12334,2
12335,3
12336,3
12337,3
12338,2
12339,2
12340,2
12341,2
12342,2
12343,2
12344,2
12345,2
12346,2
12347,2
12348,2
12349,2
12350,2
12351,2
12352,2
12353,2
12354,2
12355,2
12356,2
12357,2
12358,2
12359,2
12360,2
12361,2
12362,2
12363,2
12364,2
12365,2
12366,2
12367,2
12368,2
12369,0
12370,2
12371,2
12372,2
12373,2
12374,2
12375,2
12376,2
12377,2
12378,2
12379,2
12380,2
12381,2
12382,2
12383,2
12384,2
12385,2
12386,2
12387,2
12388,2
12389,3
12390,3
12391,3
12392,3
12393,3
12394,3
12395,2
12396,3
12397,2
12398,2
12399,2
12400,2
12401,2
12402,2
12403,2
12404,3
12405,2
12406,2
12407,2
12408,2
12409,2
12410,2
12411,2
12412,2
12413,2
12414,2
12415,2
12416,2
12417,2
12418,2
12419,2
12420,2
12421,2
12422,2
12423,2
12424,2
12425,2
12426,2
12427,2
12428,2
12429,2
12430,2
12431,2
12432,3
12433,2
12434,2
12435,2
12436,2
12437,2
12438,2
12439,2
12440,2
12441,2
12442,2
12443,2
12444,2
12445,2
12446,2
12447,2
12448,2
12449,2
12450,2
12451,2
12452,2
12453,2
12454,2
12455,2
12456,2
12457,2
12458,2
12459,2
12460,2
12461,2
12462,2
12463,2
12464,2
12465,2
12466,2
12467,2
12468,2
12469,2
12470,2
12471,2
12472,2
12473,2
12474,2
12475,3
12476,2
12477,2
12478,2
12479,2
12480,2
12481,2
12482,2
12483,2
12484,2
12485,2
12486,2
12487,2
12488,2
12489,2
12490,2
12491,2
12492,2
12493,2
12494,2
12495,2
12496,2
12497,2
12498,2
12499,2
12500,2
12501,2
12502,2
12503,2
12504,2
12505,2
12506,2
